,0,1
0,1754376713,0.30135609999999996
1,1754376714,1.1557789
2,1754376715,0.7533903
3,1754376716,0.8538422999999999
4,1754376717,0.2512563
5,1754376718,7.595573
6,1754376719,0.7031642
7,1754376720,0.8044243
8,1754376721,0.30135609999999996
9,1754376722,1.2556504
10,1754376723,0.7533903
11,1754376724,0.9049773999999999
12,1754376725,0.2009041
13,1754376726,1.2556504
14,1754376727,0.5522087999999999
15,1754376728,0.7537688
16,1754376729,0.201005
17,1754376730,1.256913
18,1754376731,0.7024585999999999
19,1754376732,0.8040201
20,1754376733,0.3012048
21,1754376734,1.2072435
22,1754376735,0.5025126
23,1754376736,0.9045226
24,1754376737,0.2515091
25,1754376738,1.1066398
26,1754376739,0.753012
27,1754376740,0.8542714
28,1754376741,3.479576
29,1754376742,1.3561025
30,1754376743,0.7028112
31,1754376744,0.804829
32,1754376745,0.3514056
33,1754376746,1.3065327
34,1754376747,0.6532663
35,1754376748,0.9538152999999999
36,1754376749,0.251004
37,1754376750,1.2556504
38,1754376751,0.7024585999999999
39,1754376752,0.8542714
40,1754376753,0.3016591
41,1754376754,1.4063284999999999
42,1754376755,0.9040682999999999
43,1754376756,0.8044243
44,1754376757,0.35122929999999997
45,1754376758,1.2562814
46,1754376759,0.5027652
47,1754376760,0.8538422999999999
48,1754376761,0.251004
49,1754376762,1.256913
50,1754376763,0.7031642
51,1754376764,0.8542714
52,1754376765,0.2515091
53,1754376766,1.3071895
54,1754376767,0.6027121999999999
55,1754376768,0.8040201
56,1754376769,0.2512563
57,1754376770,4.218985
58,1754376771,0.8044243
59,1754376772,0.9547739
60,1754376773,0.25113009999999997
61,1754376774,1.2054244
62,1754376775,0.8028098
63,1754376776,0.9045226
64,1754376777,0.251004
65,1754376778,1.3065327
66,1754376779,0.6529382
67,1754376780,0.9533366999999999
68,1754376781,0.201005
69,1754376782,1.2060302
70,1754376783,0.7031642
71,1754376784,0.9049773999999999
72,1754376785,0.2008032
73,1754376786,1.2550200999999999
74,1754376787,0.7537688
75,1754376788,0.8036163
76,1754376789,0.251004
77,1754376790,1.2562814
78,1754376791,0.6030151
79,1754376792,0.7549068999999999
80,1754376793,0.30135609999999996
81,1754376794,1.1557789
82,1754376795,0.7028112
83,1754376796,0.8551308
84,1754376797,0.3012048
85,1754376798,1.2054244
86,1754376799,0.6033183
87,1754376800,0.7545272
88,1754376801,3.668342
89,1754376802,1.256913
90,1754376803,0.7031642
91,1754376804,0.9040682999999999
92,1754376805,0.3015075
93,1754376806,1.2042148
94,1754376807,0.5022601999999999
95,1754376808,0.9049773999999999
96,1754376809,0.2008032
97,1754376810,1.1066398
98,1754376811,0.8032129
99,1754376812,0.8542714
100,1754376813,0.20110609999999998
101,1754376814,1.961771
102,1754376815,0.6532663
103,1754376816,0.8538422999999999
104,1754376817,0.3012048
105,1754376818,1.2060302
106,1754376819,0.7522568
107,1754376820,0.8551308
108,1754376821,0.2008032
109,1754376822,4.120603
110,1754376823,0.7541477999999999
111,1754376824,0.6539235
112,1754376825,0.251004
113,1754376826,1.3065327
114,1754376827,0.7522568
115,1754376828,0.9045226
116,1754376829,0.30135609999999996
117,1754376830,1.2060302
118,1754376831,0.7545272
119,1754376832,0.8542714
120,1754376833,0.2508781
121,1754376834,1.1557789
122,1754376835,0.8040201
123,1754376836,0.9040682999999999
124,1754376837,0.30135609999999996
125,1754376838,1.3052209
126,1754376839,0.4520342
127,1754376840,0.8551308
128,1754376841,0.2515091
129,1754376842,1.2054244
130,1754376843,0.6535947999999999
131,1754376844,0.8538422999999999
132,1754376845,0.2512563
133,1754376846,1.2562814
134,1754376847,0.5530417
135,1754376848,0.8044243
136,1754376849,0.2507523
137,1754376850,1.3058764
138,1754376851,0.6526103999999999
139,1754376852,0.7541477999999999
140,1754376853,0.3517588
141,1754376854,1.2054244
142,1754376855,0.5522087999999999
143,1754376856,0.9040682999999999
144,1754376857,0.2512563
145,1754376858,1.2054244
146,1754376859,0.753012
147,1754376860,0.8542714
148,1754376861,3.634528
149,1754376862,1.3574661
150,1754376863,0.5530417
151,1754376864,0.8032129
152,1754376865,0.3015075
153,1754376866,1.2048193
154,1754376867,0.7031642
155,1754376868,0.9031610999999999
156,1754376869,0.3010537
157,1754376870,1.2556504
158,1754376871,0.5533199
159,1754376872,0.8036163
160,1754376873,0.2512563
161,1754376874,4.520342
162,1754376875,0.8036163
163,1754376876,0.8542714
164,1754376877,0.3517588
165,1754376878,1.2060302
166,1754376879,0.5522087999999999
167,1754376880,1.2575452999999999
168,1754376881,2.723147
169,1754376882,4.69223
170,1754376883,3.995953
171,1754376884,3.470825
172,1754376885,0.3012048
173,1754376886,1.3078471
174,1754376887,0.5022601999999999
175,1754376888,0.8551308
176,1754376889,0.3515821
177,1754376890,1.1569416
178,1754376891,0.6535947999999999
179,1754376892,0.9542942999999999
180,1754376893,0.4018081
181,1754376894,1.4077426
182,1754376895,0.6532663
183,1754376896,0.8036163
184,1754376897,0.30135609999999996
185,1754376898,1.2060302
186,1754376899,0.6021074
187,1754376900,0.9058883
188,1754376901,0.2512563
189,1754376902,1.2066365000000001
190,1754376903,0.7028112
191,1754376904,0.9049773999999999
192,1754376905,0.25113009999999997
193,1754376906,1.207851
194,1754376907,0.6539235
195,1754376908,0.8044243
196,1754376909,0.3015075
197,1754376910,1.3065327
198,1754376911,0.5527638
199,1754376912,0.7541477999999999
200,1754376913,0.4016064
201,1754376914,1.1557789
202,1754376915,0.5025126
203,1754376916,0.9040682999999999
204,1754376917,0.201005
205,1754376918,1.1055276
206,1754376919,0.7035176
207,1754376920,0.7541477999999999
208,1754376921,3.378719
209,1754376922,1.256913
210,1754376923,0.5524861999999999
211,1754376924,0.8040201
212,1754376925,0.3010537
213,1754376926,1.1569416
214,1754376927,3.562469
215,1754376928,0.8555611
216,1754376929,0.2008032
217,1754376930,1.2054244
218,1754376931,0.6033183
219,1754376932,0.7533903
220,1754376933,0.2513826
221,1754376934,1.3078471
222,1754376935,0.6529382
223,1754376936,0.7541477999999999
224,1754376937,0.3015075
225,1754376938,1.2054244
226,1754376939,0.6030151
227,1754376940,0.8538422999999999
228,1754376941,0.251004
229,1754376942,1.15636
230,1754376943,0.8036163
231,1754376944,0.8542714
232,1754376945,0.2507523
233,1754376946,1.3078471
234,1754376947,0.6519558999999999
235,1754376948,0.9542942999999999
236,1754376949,0.4020101
237,1754376950,1.2543904
238,1754376951,0.7035176
239,1754376952,0.8538422999999999
240,1754376953,0.2513826
241,1754376954,1.1551984
242,1754376955,0.6532663
243,1754376956,0.753012
244,1754376957,0.30135609999999996
245,1754376958,1.2066365000000001
246,1754376959,4.437721
247,1754376960,0.9058883
248,1754376961,0.5544355
249,1754376962,3.118712
250,1754376963,0.8525577
251,1754376964,0.805234
252,1754376965,0.3514056
253,1754376966,1.2556504
254,1754376967,0.7031642
255,1754376968,0.8040201
256,1754376969,0.2512563
257,1754376970,1.2550200999999999
258,1754376971,0.6532663
259,1754376972,0.7533903
260,1754376973,0.3515821
261,1754376974,1.2556504
262,1754376975,0.5527638
263,1754376976,0.8538422999999999
264,1754376977,0.2513826
265,1754376978,1.2556504
266,1754376979,3.664659
267,1754376980,0.805234
268,1754376981,3.726083
269,1754376982,1.256913
270,1754376983,0.5530417
271,1754376984,0.8036163
272,1754376985,0.3514056
273,1754376986,1.207851
274,1754376987,0.6526103999999999
275,1754376988,0.804829
276,1754376989,0.201005
277,1754376990,1.2072435
278,1754376991,0.804829
279,1754376992,0.8044243
280,1754376993,0.2513826
281,1754376994,1.4063284999999999
282,1754376995,0.7035176
283,1754376996,0.7537688
284,1754376997,0.3016591
285,1754376998,1.2072435
286,1754376999,0.6024096
287,1754377000,0.8044243
288,1754377001,0.2013085
289,1754377002,1.3052209
290,1754377003,0.7537688
291,1754377004,0.804829
292,1754377005,0.3018109
293,1754377006,1.3065327
294,1754377007,0.6030151
295,1754377008,0.8036163
296,1754377009,0.3517588
297,1754377010,1.1551984
298,1754377011,0.7533903
299,1754377012,0.9542942999999999
300,1754377013,0.25113009999999997
301,1754377014,1.2066365000000001
302,1754377015,0.6526103999999999
303,1754377016,0.9040682999999999
304,1754377017,0.201005
305,1754377018,1.2575452999999999
306,1754377019,0.6516291
307,1754377020,0.9557344
308,1754377021,0.3015075
309,1754377022,1.2060302
310,1754377023,0.7035176
311,1754377024,0.9552539
312,1754377025,0.251004
313,1754377026,1.256913
314,1754377027,0.7031642
315,1754377028,0.8547009
316,1754377029,0.20110609999999998
317,1754377030,4.168759
318,1754377031,0.6529382
319,1754377032,0.8044243
320,1754377033,0.3016591
321,1754377034,1.1557789
322,1754377035,0.8529854
323,1754377036,0.9058883
324,1754377037,0.30135609999999996
325,1754377038,1.2066365000000001
326,1754377039,0.7024585999999999
327,1754377040,0.9040682999999999
328,1754377041,3.522899
329,1754377042,1.2575452999999999
330,1754377043,0.8032129
331,1754377044,0.8032129
332,1754377045,0.3015075
333,1754377046,1.2562814
334,1754377047,0.5524861999999999
335,1754377048,0.9547739
336,1754377049,0.2008032
337,1754377050,1.2060302
338,1754377051,0.7533903
339,1754377052,0.9040682999999999
340,1754377053,0.201005
341,1754377054,1.4070352
342,1754377055,0.7035176
343,1754377056,0.9049773999999999
344,1754377057,0.2515091
345,1754377058,1.207851
346,1754377059,0.6529382
347,1754377060,0.9040682999999999
348,1754377061,0.30135609999999996
349,1754377062,1.1557789
350,1754377063,0.7028112
351,1754377064,0.8044243
352,1754377065,0.201005
353,1754377066,1.2072435
354,1754377067,0.7024585999999999
355,1754377068,0.7545272
356,1754377069,0.3012048
357,1754377070,1.1569416
358,1754377071,0.7541477999999999
359,1754377072,0.9049773999999999
360,1754377073,0.25113009999999997
361,1754377074,1.2072435
362,1754377075,0.7038713
363,1754377076,0.8534136999999999
364,1754377077,0.3012048
365,1754377078,1.3561025
366,1754377079,0.6519558999999999
367,1754377080,0.9054325999999999
368,1754377081,0.251004
369,1754377082,4.120603
370,1754377083,1.0045203
371,1754377084,0.9045226
372,1754377085,0.2508781
373,1754377086,1.2556504
374,1754377087,0.8534136999999999
375,1754377088,0.8542714
376,1754377089,0.2513826
377,1754377090,1.2066365000000001
378,1754377091,0.7031642
379,1754377092,0.8036163
380,1754377093,0.3514056
381,1754377094,1.2060302
382,1754377095,0.6030151
383,1754377096,0.9040682999999999
384,1754377097,0.2512563
385,1754377098,1.2066365000000001
386,1754377099,0.7028112
387,1754377100,0.9049773999999999
388,1754377101,3.67388
389,1754377102,1.3065327
390,1754377103,0.8032129
391,1754377104,0.8044243
392,1754377105,0.3517588
393,1754377106,1.2543904
394,1754377107,0.5533199
395,1754377108,0.9547739
396,1754377109,0.25113009999999997
397,1754377110,1.2066365000000001
398,1754377111,0.6033183
399,1754377112,0.9538152999999999
400,1754377113,0.3018109
401,1754377114,1.5082955999999998
402,1754377115,0.6529382
403,1754377116,0.8542714
404,1754377117,0.3015075
405,1754377118,1.1569416
406,1754377119,0.6535947999999999
407,1754377120,0.9552539
408,1754377121,0.201005
409,1754377122,1.2537612999999999
410,1754377123,0.7541477999999999
411,1754377124,0.8542714
412,1754377125,0.25113009999999997
413,1754377126,1.3078471
414,1754377127,0.7028112
415,1754377128,0.9533366999999999
416,1754377129,0.2513826
417,1754377130,1.2066365000000001
418,1754377131,0.7533903
419,1754377132,0.9045226
420,1754377133,0.3018109
421,1754377134,3.714859
422,1754377135,1.4558233
423,1754377136,0.9538152999999999
424,1754377137,0.2513826
425,1754377138,1.3547416
426,1754377139,0.6532663
427,1754377140,0.9040682999999999
428,1754377141,0.25113009999999997
429,1754377142,1.2060302
430,1754377143,0.6532663
431,1754377144,1.0045203
432,1754377145,0.3016591
433,1754377146,1.2060302
434,1754377147,0.7028112
435,1754377148,0.9049773999999999
436,1754377149,0.15067809999999998
437,1754377150,1.2048193
438,1754377151,0.7024585999999999
439,1754377152,0.9045226
440,1754377153,0.30135609999999996
441,1754377154,1.2562814
442,1754377155,0.7021063
443,1754377156,1.0574018
444,1754377157,0.30135609999999996
445,1754377158,1.1551984
446,1754377159,0.804829
447,1754377160,0.7537688
448,1754377161,3.477823
449,1754377162,1.3078471
450,1754377163,0.7035176
451,1754377164,0.9538152999999999
452,1754377165,0.3514056
453,1754377166,1.1569416
454,1754377167,0.652283
455,1754377168,0.9054325999999999
456,1754377169,0.3012048
457,1754377170,1.1557789
458,1754377171,0.7038713
459,1754377172,0.7545272
460,1754377173,0.251004
461,1754377174,1.4572864
462,1754377175,0.9045226
463,1754377176,0.9045226
464,1754377177,0.35122929999999997
465,1754377178,1.2054244
466,1754377179,0.6526103999999999
467,1754377180,0.8542714
468,1754377181,0.30135609999999996
469,1754377182,1.1071968
470,1754377183,1.759678
471,1754377184,2.016129
472,1754377185,2.6713709999999997
473,1754377186,4.141414
474,1754377187,6.794162
475,1754377188,2.720403
476,1754377189,0.25113009999999997
477,1754377190,1.3071895
478,1754377191,0.7541477999999999
479,1754377192,0.9054325999999999
480,1754377193,0.3514056
481,1754377194,1.256913
482,1754377195,0.8032129
483,1754377196,0.7541477999999999
484,1754377197,0.5022601999999999
485,1754377198,1.4580191
486,1754377199,0.9571788
487,1754377200,0.8559918999999999
488,1754377201,0.35193559999999996
489,1754377202,1.207851
490,1754377203,0.9040682999999999
491,1754377204,1.2096774
492,1754377205,0.30090269999999997
493,1754377206,1.2581782
494,1754377207,0.8547009
495,1754377208,1.0574018
496,1754377209,0.3016591
497,1754377210,1.256913
498,1754377211,0.8547009
499,1754377212,3.284487
500,1754377213,2.723147
501,1754377214,2.21998
502,1754377215,2.426694
503,1754377216,1.5632879
504,1754377217,0.706001
505,1754377218,3.989899
506,1754377219,16.582406
507,1754377220,6.306761
508,1754377221,11.904762
509,1754377222,16.93548
510,1754377223,19.68703
511,1754377224,9.914011
512,1754377225,5.017561
513,1754377226,3.118712
514,1754377227,2.963335
515,1754377228,4.5017700000000005
516,1754377229,2.832575
517,1754377230,2.727273
518,1754377231,1.8639800000000002
519,1754377232,7.676768
520,1754377233,2.122284
521,1754377234,3.549696
522,1754377235,1.5136226
523,1754377236,1.3131313
524,1754377237,5.465587
525,1754377238,6.461383
526,1754377239,2.9278139999999997
527,1754377240,2.6754160000000002
528,1754377241,0.8064515999999999
529,1754377242,11.773623
530,1754377243,9.884014
531,1754377244,30.33821
532,1754377245,17.34745
533,1754377246,43.77834
534,1754377247,6.686777
535,1754377248,6.284565
536,1754377249,4.448938
537,1754377250,3.238866
538,1754377251,2.8211589999999998
539,1754377252,4.39616
540,1754377253,3.284487
541,1754377254,9.390863
542,1754377255,4.040404
543,1754377256,2.269289
544,1754377257,2.327935
545,1754377258,5.20728
546,1754377259,4.884189
547,1754377260,1.3636363999999999
548,1754377261,0.5533199
549,1754377262,5.032713
550,1754377263,2.166247
551,1754377264,3.522899
552,1754377265,0.5035246999999999
553,1754377266,1.4616935
554,1754377267,9.004024
555,1754377268,9.783157
556,1754377269,1.1111111
557,1754377270,1.766784
558,1754377271,7.358871
559,1754377272,1.818182
560,1754377273,3.879093
561,1754377274,6.827309
562,1754377275,9.798995
563,1754377276,6.441872
564,1754377277,5.374184
565,1754377278,6.218656
566,1754377279,10.526316
567,1754377280,3.576826
568,1754377281,0.25113009999999997
569,1754377282,1.1083123
570,1754377283,2.758275
571,1754377284,4.979879
572,1754377285,9.833585
573,1754377286,2.674067
574,1754377287,1.966717
575,1754377288,5.903128
576,1754377289,3.638201
577,1754377290,6.70701
578,1754377291,1.5680323999999999
579,1754377292,1.5136226
580,1754377293,0.9081735999999999
581,1754377294,2.020202
582,1754377295,1.5656566
583,1754377296,1.6683519
584,1754377297,0.9581442
585,1754377298,2.067574
586,1754377299,4.422111
587,1754377300,6.021074
588,1754377301,5.527638
589,1754377302,10.624371
590,1754377303,6.357215
591,1754377304,6.11729
592,1754377305,5.530417
593,1754377306,6.419258
594,1754377307,10.120846
595,1754377308,6.653226
596,1754377309,0.3521127
597,1754377310,1.4077426
598,1754377311,2.862883
599,1754377312,0.9562153999999999
600,1754377313,0.25113009999999997
601,1754377314,1.1557789
602,1754377315,0.8044243
603,1754377316,0.8555611
604,1754377317,0.3514056
605,1754377318,1.2588116999999999
606,1754377319,0.7541477999999999
607,1754377320,1.0045203
608,1754377321,0.2512563
609,1754377322,1.2072435
610,1754377323,0.9036145
611,1754377324,0.9542942999999999
612,1754377325,0.201005
613,1754377326,1.3567839
614,1754377327,0.8032129
615,1754377328,0.9054325999999999
616,1754377329,0.2512563
617,1754377330,1.71371
618,1754377331,1.0090817
619,1754377332,1.1094302
620,1754377333,0.6039255
621,1754377334,1.3588324
622,1754377335,0.7031642
623,1754377336,1.0045203
624,1754377337,3.9858729999999998
625,1754377338,1.3595166
626,1754377339,1.7632240000000001
627,1754377340,0.9547739
628,1754377341,3.580434
629,1754377342,1.5113349999999999
630,1754377343,2.529084
631,1754377344,1.0040161
632,1754377345,0.3517588
633,1754377346,1.2066365000000001
634,1754377347,0.9027081
635,1754377348,0.9562153999999999
636,1754377349,0.302267
637,1754377350,1.4602216
638,1754377351,0.8044243
639,1754377352,0.9045226
640,1754377353,0.3016591
641,1754377354,2.169526
642,1754377355,3.6868689999999997
643,1754377356,1.0065425
644,1754377357,0.5547151
645,1754377358,1.6633065
646,1754377359,7.470974
647,1754377360,3.888889
648,1754377361,2.270434
649,1754377362,1.5648662
650,1754377363,1.207851
651,1754377364,4.735516
652,1754377365,3.284487
653,1754377366,4.790721
654,1754377367,4.69697
655,1754377368,4.836272
656,1754377369,4.038364
657,1754377370,5.805149
658,1754377371,2.520161
659,1754377372,1.4134276
660,1754377373,7.272727
661,1754377374,7.824331
662,1754377375,6.901763
663,1754377376,12.493703
664,1754377377,7.491202
665,1754377378,8.282828
666,1754377379,9.150657
667,1754377380,8.792318999999999
668,1754377381,8.228168
669,1754377382,29.09091
670,1754377383,52.14322
671,1754377384,9.040404
672,1754377385,4.977376
673,1754377386,4.934542
674,1754377387,2.014099
675,1754377388,4.540868
676,1754377389,2.4710039999999998
677,1754377390,1.2562814
678,1754377391,0.7537688
679,1754377392,1.3058764
680,1754377393,0.5533199
681,1754377394,1.5120968000000001
682,1754377395,1.0579345
683,1754377396,1.1055276
684,1754377397,0.25113009999999997
685,1754377398,1.3058764
686,1754377399,0.9045226
687,1754377400,4.323781
688,1754377401,3.535354
689,1754377402,1.2072435
690,1754377403,2.021223
691,1754377404,1.965726
692,1754377405,1.1105502
693,1754377406,2.222222
694,1754377407,1.0050251
695,1754377408,0.9054325999999999
696,1754377409,0.2508781
697,1754377410,1.2562814
698,1754377411,1.6666667
699,1754377412,1.917255
700,1754377413,3.021148
701,1754377414,3.074597
702,1754377415,2.525253
703,1754377416,0.804829
704,1754377417,1.5098137999999999
705,1754377418,1.3098237
706,1754377419,2.31738
707,1754377420,3.937405
708,1754377421,2.567976
709,1754377422,12.872287
710,1754377423,41.97282
711,1754377424,46.57603
712,1754377425,1.5601409
713,1754377426,0.3015075
714,1754377427,1.2072435
715,1754377428,2.670025
716,1754377429,4.139324
717,1754377430,1.1066398
718,1754377431,3.225806
719,1754377432,1.2108981
720,1754377433,10.739615
721,1754377434,2.478503
722,1754377435,3.993933
723,1754377436,6.467913
724,1754377437,7.820383
725,1754377438,1.914358
726,1754377439,1.711122
727,1754377440,0.6535947999999999
728,1754377441,8.647562
729,1754377442,7.947686
730,1754377443,2.877335
731,1754377444,2.918973
732,1754377445,7.55287
733,1754377446,0.9571788
734,1754377447,4.034291
735,1754377448,5.367089
736,1754377449,5.566802
737,1754377450,1.160444
738,1754377451,4.036327
739,1754377452,5.247225
740,1754377453,11.592742
741,1754377454,6.04534
742,1754377455,6.370071
743,1754377456,5.600404
744,1754377457,6.670035
745,1754377458,5.941591
746,1754377459,15.969773
747,1754377460,9.625126999999999
748,1754377461,2.370146
749,1754377462,0.8056395
750,1754377463,5.480141
751,1754377464,1.3595166
752,1754377465,1.5075376999999999
753,1754377466,1.209068
754,1754377467,5.941591
755,1754377468,1.0065425
756,1754377469,1.5632879
757,1754377470,0.4012036
758,1754377471,1.1586902000000001
759,1754377472,2.770781
760,1754377473,5.135952
761,1754377474,0.7042254
762,1754377475,0.6532663
763,1754377476,1.5609264999999999
764,1754377477,2.720403
765,1754377478,1.1569416
766,1754377479,0.2513826
767,1754377480,1.5098137999999999
768,1754377481,0.40221219999999996
769,1754377482,4.424334
770,1754377483,0.5030181
771,1754377484,1.2562814
772,1754377485,0.2513826
773,1754377486,0.7545272
774,1754377487,2.772177
775,1754377488,1.3085053
776,1754377489,4.122675
777,1754377490,1.1575239
778,1754377491,0.8551308
779,1754377492,3.627204
780,1754377493,0.7545272
781,1754377494,1.1581067
782,1754377495,0.6539235
783,1754377496,1.3574661
784,1754377497,2.916038
785,1754377498,1.209068
786,1754377499,4.467871
787,1754377500,1.5113349999999999
788,1754377501,0.8555611
789,1754377502,7.3084679999999995
790,1754377503,7.560484
791,1754377504,5.855628
792,1754377505,2.3244059999999998
793,1754377506,6.552419
794,1754377507,0.9090908999999999
795,1754377508,4.627767
796,1754377509,5.326633
797,1754377510,6.007067
798,1754377511,3.180212
799,1754377512,5.350833
800,1754377513,9.914444
801,1754377514,6.016178
802,1754377515,5.196771
803,1754377516,6.259465
804,1754377517,10.0353
805,1754377518,5.784708
806,1754377519,0.3515821
807,1754377520,1.2556504
808,1754377521,3.629032
809,1754377522,0.9045226
810,1754377523,0.2515091
811,1754377524,1.0065425
812,1754377525,0.3517588
813,1754377526,0.8036163
814,1754377527,0.2013085
815,1754377528,1.3052209
816,1754377529,0.2012072
817,1754377530,0.6535947999999999
818,1754377531,0.3517588
819,1754377532,1.1055276
820,1754377533,0.2512563
821,1754377534,0.9547739
822,1754377535,0.2512563
823,1754377536,1.0558069
824,1754377537,0.3517588
825,1754377538,0.7035176
826,1754377539,0.3016591
827,1754377540,1.1557789
828,1754377541,0.25113009999999997
829,1754377542,0.6039255
830,1754377543,0.4018081
831,1754377544,1.0558069
832,1754377545,0.2508781
833,1754377546,0.8044243
834,1754377547,0.25113009999999997
835,1754377548,1.2060302
836,1754377549,0.3012048
837,1754377550,0.7541477999999999
838,1754377551,0.4020101
839,1754377552,1.2060302
840,1754377553,0.201005
841,1754377554,0.7035176
842,1754377555,0.3018109
843,1754377556,1.1071968
844,1754377557,0.3012048
845,1754377558,1.0584677
846,1754377559,0.3521127
847,1754377560,1.5128593000000001
848,1754377561,0.3015075
849,1754377562,0.8555611
850,1754377563,0.7560484
851,1754377564,1.2066365000000001
852,1754377565,0.2012072
853,1754377566,0.7537688
854,1754377567,0.5538771
855,1754377568,1.0568697
856,1754377569,0.25113009999999997
857,1754377570,0.7031642
858,1754377571,0.25113009999999997
859,1754377572,1.1551984
860,1754377573,0.4014049
861,1754377574,0.6545821
862,1754377575,0.3510532
863,1754377576,1.2066365000000001
864,1754377577,0.3514056
865,1754377578,0.6036216999999999
866,1754377579,0.6036216999999999
867,1754377580,1.3071895
868,1754377581,4.028197
869,1754377582,1.0065425
870,1754377583,0.3515821
871,1754377584,1.1551984
872,1754377585,0.35193559999999996
873,1754377586,0.7533903
874,1754377587,0.45408679999999996
875,1754377588,2.315048
876,1754377589,0.45271629999999996
877,1754377590,1.0090817
878,1754377591,0.45271629999999996
879,1754377592,1.1557789
880,1754377593,0.804829
881,1754377594,1.6700404999999998
882,1754377595,0.7056452
883,1754377596,1.15636
884,1754377597,2.562814
885,1754377598,1.2102874
886,1754377599,0.5032713
887,1754377600,2.275025
888,1754377601,5.050505
889,1754377602,4.330312
890,1754377603,2.415702
891,1754377604,4.850935
892,1754377605,3.368527
893,1754377606,5.143722
894,1754377607,4.942007
895,1754377608,1.256913
896,1754377609,1.4155712999999999
897,1754377610,3.025719
898,1754377611,3.8520019999999997
899,1754377612,2.877335
900,1754377613,0.8598887
901,1754377614,2.224469
902,1754377615,3.528226
903,1754377616,15.832069
904,1754377617,4.793138
905,1754377618,2.32206
906,1754377619,1.5182186
907,1754377620,7.81644
908,1754377621,6.354009
909,1754377622,6.596173
910,1754377623,6.001009
911,1754377624,6.962664
912,1754377625,5.8438289999999995
913,1754377626,8.645096
914,1754377627,5.757576
915,1754377628,7.377463
916,1754377629,5.837947
917,1754377630,6.057547
918,1754377631,5.5443549999999995
919,1754377632,5.698437
920,1754377633,4.2950990000000004
921,1754377634,4.048583
922,1754377635,7.377463
923,1754377636,8.916877
924,1754377637,6.237425
925,1754377638,5.944584
926,1754377639,9.813790000000001
927,1754377640,7.067138
928,1754377641,2.619647
929,1754377642,3.594937
930,1754377643,1.5617128
931,1754377644,1.1569416
932,1754377645,0.4522613
933,1754377646,1.0085729
934,1754377647,1.160444
935,1754377648,1.920162
936,1754377649,4.648813
937,1754377650,1.2600806
938,1754377651,0.7556674999999999
939,1754377652,2.222222
940,1754377653,2.97379
941,1754377654,1.6616314
942,1754377655,14.652568
943,1754377656,62.83852
944,1754377657,25.88473
945,1754377658,4.277806
946,1754377659,0.15082959999999998
947,1754377660,2.870091
948,1754377661,0.3019628
949,1754377662,0.7038713
950,1754377663,0.8551308
951,1754377664,1.4587525
952,1754377665,0.40221219999999996
953,1754377666,0.7552869999999999
954,1754377667,1.0558069
955,1754377668,1.256913
956,1754377669,0.25113009999999997
957,1754377670,1.6599598
958,1754377671,0.3018109
959,1754377672,3.233957
960,1754377673,1.2588116999999999
961,1754377674,1.0050251
962,1754377675,0.8598887
963,1754377676,2.525253
964,1754377677,2.025316
965,1754377678,1.0075567
966,1754377679,1.0568697
967,1754377680,1.2066365000000001
968,1754377681,0.30135609999999996
969,1754377682,1.2084592
970,1754377683,2.567976
971,1754377684,1.2575452999999999
972,1754377685,1.3098237
973,1754377686,7.5872530000000005
974,1754377687,1.873418
975,1754377688,2.772177
976,1754377689,1.2133468
977,1754377690,4.365482
978,1754377691,4.939516
979,1754377692,1.6194332
980,1754377693,1.1598588
981,1754377694,5.555556
982,1754377695,6.717172
983,1754377696,9.793034
984,1754377697,27.85894
985,1754377698,76.75351
986,1754377699,8.888889
987,1754377700,5.829146
988,1754377701,7.160867
989,1754377702,0.8555611
990,1754377703,1.1569416
991,1754377704,3.714859
992,1754377705,0.7031642
993,1754377706,0.4018081
994,1754377707,1.209068
995,1754377708,0.3514056
996,1754377709,1.6607952
997,1754377710,0.2515091
998,1754377711,1.1575239
999,1754377712,0.3012048
1000,1754377713,0.6036216999999999
1001,1754377714,0.45248869999999997
1002,1754377715,1.3052209
1003,1754377716,0.3016591
1004,1754377717,0.753012
1005,1754377718,0.2516356
1006,1754377719,2.262443
1007,1754377720,0.4024145
1008,1754377721,0.6542526
1009,1754377722,0.2508781
1010,1754377723,1.3071895
1011,1754377724,0.3515821
1012,1754377725,0.7045798
1013,1754377726,0.3018109
1014,1754377727,1.1044177
1015,1754377728,0.2512563
1016,1754377729,1.1077543
1017,1754377730,0.8036163
1018,1754377731,1.3091641
1019,1754377732,0.3514056
1020,1754377733,0.8032129
1021,1754377734,1.1060835
1022,1754377735,0.3010537
1023,1754377736,0.7533903
1024,1754377737,0.2009041
1025,1754377738,1.3065327
1026,1754377739,0.2513826
1027,1754377740,1.6582914999999998
1028,1754377741,0.3016591
1029,1754377742,1.15636
1030,1754377743,0.3515821
1031,1754377744,0.7038713
1032,1754377745,0.3510532
1033,1754377746,1.2054244
1034,1754377747,0.5538771
1035,1754377748,2.6727179999999997
1036,1754377749,1.056338
1037,1754377750,6.180905
1038,1754377751,0.30211479999999996
1039,1754377752,0.9054325999999999
1040,1754377753,0.4515805
1041,1754377754,1.1060835
1042,1754377755,0.30090269999999997
1043,1754377756,0.7042254
1044,1754377757,0.3012048
1045,1754377758,1.2562814
1046,1754377759,0.2512563
1047,1754377760,1.5617128
1048,1754377761,3.683148
1049,1754377762,4.288597
1050,1754377763,5.831643
1051,1754377764,2.1739129999999998
1052,1754377765,9.994952
1053,1754377766,18.23232
1054,1754377767,36.50075
1055,1754377768,60.66566
1056,1754377769,6.841046
1057,1754377770,6.952141
1058,1754377771,50.4008
1059,1754377772,32.24181
1060,1754377773,1.056338
1061,1754377774,3.1218529999999998
1062,1754377775,0.9552539
1063,1754377776,1.0060362
1064,1754377777,1.1071968
1065,1754377778,2.014099
1066,1754377779,1.056338
1067,1754377780,1.5098137999999999
1068,1754377781,1.1581067
1069,1754377782,1.2562814
1070,1754377783,1.1071968
1071,1754377784,1.4594867
1072,1754377785,1.056338
1073,1754377786,2.064451
1074,1754377787,1.1083123
1075,1754377788,1.0552764
1076,1754377789,0.7537688
1077,1754377790,2.014099
1078,1754377791,2.619647
1079,1754377792,1.6080402
1080,1754377793,1.0574018
1081,1754377794,2.162978
1082,1754377795,0.5027652
1083,1754377796,4.88665
1084,1754377797,1.3078471
1085,1754377798,2.014099
1086,1754377799,1.0075567
1087,1754377800,1.711984
1088,1754377801,0.6532663
1089,1754377802,1.6616314
1090,1754377803,1.1055276
1091,1754377804,1.4112903
1092,1754377805,1.0568697
1093,1754377806,2.21886
1094,1754377807,0.7552869999999999
1095,1754377808,1.0552764
1096,1754377809,1.15636
1097,1754377810,2.014099
1098,1754377811,1.1066398
1099,1754377812,1.6624685000000001
1100,1754377813,2.272727
1101,1754377814,3.172205
1102,1754377815,1.910508
1103,1754377816,1.6633065
1104,1754377817,1.15636
1105,1754377818,2.216625
1106,1754377819,1.1066398
1107,1754377820,4.387292
1108,1754377821,5.855628
1109,1754377822,1.7128459999999999
1110,1754377823,0.4522613
1111,1754377824,3.38213
1112,1754377825,1.816347
1113,1754377826,1.5601409
1114,1754377827,7.405542
1115,1754377828,3.180212
1116,1754377829,3.832577
1117,1754377830,3.177005
1118,1754377831,0.9581442
1119,1754377832,3.377016
1120,1754377833,2.871537
1121,1754377834,2.676768
1122,1754377835,1.1575239
1123,1754377836,1.4112903
1124,1754377837,2.772177
1125,1754377838,1.914358
1126,1754377839,1.207851
1127,1754377840,1.5082955999999998
1128,1754377841,0.3517588
1129,1754377842,4.024145
1130,1754377843,0.4016064
1131,1754377844,1.863041
1132,1754377845,0.4018081
1133,1754377846,1.2613522
1134,1754377847,23.52941
1135,1754377848,68.83768
1136,1754377849,19.91931
1137,1754377850,1.4587525
1138,1754377851,1.1077543
1139,1754377852,9.550278
1140,1754377853,0.604534
1141,1754377854,2.370146
1142,1754377855,13.377082
1143,1754377856,59.04762
1144,1754377857,75.85341
1145,1754377858,80.25063
1146,1754377859,75.93985
1147,1754377860,81.25313
1148,1754377861,35.63508
1149,1754377862,1.1066398
1150,1754377863,3.886926
1151,1754377864,2.972292
1152,1754377865,3.366834
1153,1754377866,34.05324
1154,1754377867,81.4759
1155,1754377868,79.83952
1156,1754377869,80.14042
1157,1754377870,81.24373
1158,1754377871,81.60401
1159,1754377872,82.67401
1160,1754377873,81.21242
1161,1754377874,80.85213
1162,1754377875,80.80201
1163,1754377876,80.44132
1164,1754377877,80.11022
1165,1754377878,80.21095
1166,1754377879,81.4257
1167,1754377880,79.7995
1168,1754377881,80.69437
1169,1754377882,80.63221
1170,1754377883,81.73608
1171,1754377884,85.27638
1172,1754377885,80.37056
1173,1754377886,81.52064
1174,1754377887,31.31007
1175,1754377888,11.105477
1176,1754377889,4.53629
1177,1754377890,3.188259
1178,1754377891,4.316912
1179,1754377892,3.281171
1180,1754377893,48.51833
1181,1754377894,76.09023
1182,1754377895,79.97998
1183,1754377896,82.40546
1184,1754377897,80.96192
1185,1754377898,81.15288
1186,1754377899,81.51303
1187,1754377900,81.98695
1188,1754377901,82.37356
1189,1754377902,82.70677
1190,1754377903,81.36273
1191,1754377904,81.53537
1192,1754377905,81.35338
1193,1754377906,82.21999
1194,1754377907,78.81823
1195,1754377908,83.64182
1196,1754377909,79.09548
1197,1754377910,80.19105
1198,1754377911,83.57609
1199,1754377912,81.61323
1200,1754377913,77.58794
1201,1754377914,5.831643
1202,1754377915,5.045409
1203,1754377916,8.396947
1204,1754377917,4.942007
1205,1754377918,15.540884
1206,1754377919,3.488372
1207,1754377920,9.381339
1208,1754377921,7.78626
1209,1754377922,3.083923
1210,1754377923,10.0
1211,1754377924,7.704004
1212,1754377925,11.06599
1213,1754377926,10.096398
1214,1754377927,9.545455
1215,1754377928,11.472868
1216,1754377929,7.6845300000000005
1217,1754377930,11.77665
1218,1754377931,14.609572
1219,1754377932,25.80808
1220,1754377933,82.08731
1221,1754377934,87.12425
1222,1754377935,81.23432
1223,1754377936,83.50877
1224,1754377937,79.80962
1225,1754377938,85.69285
1226,1754377939,79.51807
1227,1754377940,85.37807
1228,1754377941,82.11423
1229,1754377942,85.70712
1230,1754377943,81.30326
1231,1754377944,85.42084
1232,1754377945,80.01002
1233,1754377946,85.64257
1234,1754377947,81.85464
1235,1754377948,81.76353
1236,1754377949,80.65163
1237,1754377950,85.90772
1238,1754377951,81.66333
1239,1754377952,81.20603
1240,1754377953,82.999
1241,1754377954,84.74237
1242,1754377955,66.42066
1243,1754377956,4.769153
1244,1754377957,6.734177
1245,1754377958,2.420575
1246,1754377959,4.111675
1247,1754377960,4.4072949999999995
1248,1754377961,11.72622
1249,1754377962,81.70426
1250,1754377963,78.57501
1251,1754377964,81.61323
1252,1754377965,74.17555
1253,1754377966,84.33433
1254,1754377967,80.27041
1255,1754377968,86.40241
1256,1754377969,80.9905
1257,1754377970,86.10832
1258,1754377971,79.98997
1259,1754377972,85.87174
1260,1754377973,82.31463
1261,1754377974,81.56313
1262,1754377975,85.85757
1263,1754377976,82.72409
1264,1754377977,79.74874
1265,1754377978,83.05764
1266,1754377979,83.21643
1267,1754377980,81.37206
1268,1754377981,81.4666
1269,1754377982,86.22244
1270,1754377983,81.05263
1271,1754377984,37.95547
1272,1754377985,2.270434
1273,1754377986,3.624298
1274,1754377987,4.164551
1275,1754377988,2.27158
1276,1754377989,3.189873
1277,1754377990,5.180295
1278,1754377991,1.2600806
1279,1754377992,4.202532
1280,1754377993,0.8044243
1281,1754377994,5.020284
1282,1754377995,0.6532663
1283,1754377996,4.457953
1284,1754377997,0.6033183
1285,1754377998,5.108751
1286,1754377999,1.0065425
1287,1754378000,4.101266
1288,1754378001,4.59364
1289,1754378002,4.766734
1290,1754378003,1.056338
1291,1754378004,8.121827
1292,1754378005,5.6651489999999995
1293,1754378006,4.515474
1294,1754378007,1.9133939999999998
1295,1754378008,3.136065
1296,1754378009,1.963746
1297,1754378010,3.842265
1298,1754378011,1.765003
1299,1754378012,3.137652
1300,1754378013,2.065491
1301,1754378014,4.002026
1302,1754378015,2.115869
1303,1754378016,3.131313
1304,1754378017,2.170621
1305,1754378018,3.486609
1306,1754378019,2.170621
1307,1754378020,2.779181
1308,1754378021,2.520161
1309,1754378022,3.490137
1310,1754378023,2.366566
1311,1754378024,2.829712
1312,1754378025,2.320888
1313,1754378026,3.28781
1314,1754378027,4.853387
1315,1754378028,9.035533
1316,1754378029,4.510897
1317,1754378030,3.846154
1318,1754378031,5.265823
1319,1754378032,1.866801
1320,1754378033,4.158215
1321,1754378034,3.183426
1322,1754378035,6.2912230000000005
1323,1754378036,2.822581
1324,1754378037,5.26849
1325,1754378038,2.676768
1326,1754378039,4.411765
1327,1754378040,1.0574018
1328,1754378041,4.92136
1329,1754378042,4.088844
1330,1754378043,8.786186
1331,1754378044,3.904665
1332,1754378045,3.951368
1333,1754378046,2.723147
1334,1754378047,3.756345
1335,1754378048,2.419355
1336,1754378049,3.957382
1337,1754378050,3.832577
1338,1754378051,10.304569
1339,1754378052,8.282828
1340,1754378053,8.45998
1341,1754378054,7.781708
1342,1754378055,8.09307
1343,1754378056,7.521454
1344,1754378057,7.797468
1345,1754378058,8.282828
1346,1754378059,7.529055
1347,1754378060,7.9333
1348,1754378061,11.032389
1349,1754378062,8.966565
1350,1754378063,6.818182
1351,1754378064,8.682484
1352,1754378065,6.6128219999999995
1353,1754378066,9.477952
1354,1754378067,6.09879
1355,1754378068,9.690512
1356,1754378069,5.5471509999999995
1357,1754378070,10.243408
1358,1754378071,5.95058
1359,1754378072,9.685598
1360,1754378073,5.80222
1361,1754378074,13.27927
1362,1754378075,6.919192
1363,1754378076,8.561297
1364,1754378077,8.084891
1365,1754378078,7.848101
1366,1754378079,7.754688
1367,1754378080,8.088979
1368,1754378081,14.068826
1369,1754378082,11.340726
1370,1754378083,14.329114
1371,1754378084,11.883182
1372,1754378085,13.974684
1373,1754378086,12.002017
1374,1754378087,13.195147
1375,1754378088,13.397371
1376,1754378089,12.37999
1377,1754378090,13.367089
1378,1754378091,11.666667
1379,1754378092,14.820435
1380,1754378093,11.038306
1381,1754378094,14.726721
1382,1754378095,10.635081
1383,1754378096,14.97218
1384,1754378097,11.818182
1385,1754378098,13.282828
1386,1754378099,13.118063
1387,1754378100,12.784234
1388,1754378101,13.974684
1389,1754378102,11.094302
1390,1754378103,13.814119
1391,1754378104,12.670369
1392,1754378105,12.962025
1393,1754378106,13.245703
1394,1754378107,11.862696
1395,1754378108,14.726721
1396,1754378109,10.9375
1397,1754378110,14.799797
1398,1754378111,16.431452
1399,1754378112,19.31244
1400,1754378113,17.87879
1401,1754378114,17.31449
1402,1754378115,18.95854
1403,1754378116,17.08669
1404,1754378117,18.40243
1405,1754378118,18.12216
1406,1754378119,16.8262
1407,1754378120,26.11336
1408,1754378121,20.67574
1409,1754378122,19.36299
1410,1754378123,19.01872
1411,1754378124,17.6857
1412,1754378125,19.14894
1413,1754378126,16.439738
1414,1754378127,18.44366
1415,1754378128,18.55774
1416,1754378129,17.2709
1417,1754378130,19.28319
1418,1754378131,15.829146
1419,1754378132,19.77744
1420,1754378133,16.99346
1421,1754378134,21.3239
1422,1754378135,24.58354
1423,1754378136,18.78199
1424,1754378137,19.35484
1425,1754378138,16.322418
1426,1754378139,15.927419
1427,1754378140,17.50503
1428,1754378141,23.28974
1429,1754378142,21.89854
1430,1754378143,20.82495
1431,1754378144,21.8923
1432,1754378145,21.51835
1433,1754378146,22.87582
1434,1754378147,22.267
1435,1754378148,21.22449
1436,1754378149,20.69486
1437,1754378150,21.71285
1438,1754378151,27.11694
1439,1754378152,22.89884
1440,1754378153,21.27767
1441,1754378154,21.45015
1442,1754378155,20.83543
1443,1754378156,23.36683
1444,1754378157,22.4736
1445,1754378158,22.05438
1446,1754378159,20.86476
1447,1754378160,24.07035
1448,1754378161,30.80783
1449,1754378162,31.40413
1450,1754378163,21.53303
1451,1754378164,24.34608
1452,1754378165,24.8366
1453,1754378166,23.89113
1454,1754378167,21.3387
1455,1754378168,26.5429
1456,1754378169,29.47103
1457,1754378170,37.22812
1458,1754378171,32.22558
1459,1754378172,35.17588
1460,1754378173,38.35341
1461,1754378174,32.96427
1462,1754378175,31.89135
1463,1754378176,32.9814
1464,1754378177,32.58032
1465,1754378178,32.62946
1466,1754378179,31.75879
1467,1754378180,32.07642
1468,1754378181,35.87556
1469,1754378182,33.83534
1470,1754378183,34.76954
1471,1754378184,26.35815
1472,1754378185,25.72864
1473,1754378186,26.20724
1474,1754378187,25.35211
1475,1754378188,26.39517
1476,1754378189,25.81617
1477,1754378190,26.24434
1478,1754378191,27.35992
1479,1754378192,27.37796
1480,1754378193,26.41888
1481,1754378194,26.38191
1482,1754378195,25.55221
1483,1754378196,26.98492
1484,1754378197,25.81617
1485,1754378198,25.99097
1486,1754378199,26.68342
1487,1754378200,26.51934
1488,1754378201,37.53769
1489,1754378202,30.63787
1490,1754378203,31.90955
1491,1754378204,31.3755
1492,1754378205,31.52338
1493,1754378206,30.56812
1494,1754378207,31.67421
1495,1754378208,30.83877
1496,1754378209,30.98945
1497,1754378210,30.50677
1498,1754378211,31.85707
1499,1754378212,31.31619
1500,1754378213,31.33803
1501,1754378214,31.80444
1502,1754378215,38.88889
1503,1754378216,37.51259
1504,1754378217,35.39467
1505,1754378218,35.12833
1506,1754378219,36.7388
1507,1754378220,35.59237
1508,1754378221,33.45106
1509,1754378222,30.71895
1510,1754378223,31.59216
1511,1754378224,36.08455
1512,1754378225,38.27534
1513,1754378226,32.64275
1514,1754378227,31.9074
1515,1754378228,35.25253
1516,1754378229,33.68741
1517,1754378230,40.83585
1518,1754378231,49.87431
1519,1754378232,41.87217
1520,1754378233,38.09045
1521,1754378234,37.58794
1522,1754378235,36.64659
1523,1754378236,38.48866
1524,1754378237,36.23116
1525,1754378238,37.2549
1526,1754378239,36.74699
1527,1754378240,40.52419
1528,1754378241,39.83903
1529,1754378242,39.64736
1530,1754378243,41.11726
1531,1754378244,39.15237
1532,1754378245,36.33166
1533,1754378246,40.91595
1534,1754378247,42.97229
1535,1754378248,40.73515
1536,1754378249,43.64002
1537,1754378250,45.09311
1538,1754378251,40.61554
1539,1754378252,39.63783
1540,1754378253,39.89924
1541,1754378254,46.28887
1542,1754378255,39.25703
1543,1754378256,39.16541
1544,1754378257,36.06228
1545,1754378258,37.23031
1546,1754378259,44.8345
1547,1754378260,48.94684
1548,1754378261,43.73119
1549,1754378262,42.52758
1550,1754378263,47.5188
1551,1754378264,45.41353
1552,1754378265,45.21783
1553,1754378266,46.46617
1554,1754378267,46.14228
1555,1754378268,46.18857
1556,1754378269,48.9714
1557,1754378270,42.62048
1558,1754378271,42.42728
1559,1754378272,42.48497
1560,1754378273,42.22668
1561,1754378274,46.31948
1562,1754378275,46.77016
1563,1754378276,52.33317
1564,1754378277,45.4682
1565,1754378278,46.51629
1566,1754378279,46.66332
1567,1754378280,46.74349
1568,1754378281,45.79158
1569,1754378282,53.15948
1570,1754378283,42.25564
1571,1754378284,41.21182
1572,1754378285,40.31047
1573,1754378286,41.40351
1574,1754378287,41.23246
1575,1754378288,41.15288
1576,1754378289,40.31047
1577,1754378290,41.34471
1578,1754378291,41.18236
1579,1754378292,41.30326
1580,1754378293,40.47141
1581,1754378294,41.36204
1582,1754378295,41.23246
1583,1754378296,41.28257
1584,1754378297,40.33066
1585,1754378298,41.37412
1586,1754378299,41.40351
1587,1754378300,41.03206
1588,1754378301,45.53213
1589,1754378302,45.79345
1590,1754378303,42.01807
1591,1754378304,42.38311
1592,1754378305,41.5493
1593,1754378306,42.32511
1594,1754378307,41.74611
1595,1754378308,41.93062
1596,1754378309,40.69242
1597,1754378310,43.34677
1598,1754378311,48.76699
1599,1754378312,44.69583
1600,1754378313,50.1004
1601,1754378314,51.59011
1602,1754378315,42.52008
1603,1754378316,42.92169
1604,1754378317,41.32397
1605,1754378318,42.13963
1606,1754378319,42.0894
1607,1754378320,39.52788
1608,1754378321,4.959514
1609,1754378322,3.085483
1610,1754378323,2.224469
1611,1754378324,2.529084
1612,1754378325,2.122284
1613,1754378326,3.443038
1614,1754378327,0.906801
1615,1754378328,1.4084507
1616,1754378329,2.49237
1617,1754378330,1.814516
1618,1754378331,6.962664
1619,1754378332,3.418803
1620,1754378333,0.7056452
1621,1754378334,1.7614489999999998
1622,1754378335,0.805234
1623,1754378336,1.1581067
1624,1754378337,2.871537
1625,1754378338,1.912431
1626,1754378339,0.906801
1627,1754378340,1.2084592
1628,1754378341,6.290891
1629,1754378342,10.82578
1630,1754378343,8.110831
1631,1754378344,4.437721
1632,1754378345,4.637097
1633,1754378346,3.427419
1634,1754378347,5.292339
1635,1754378348,5.903128
1636,1754378349,2.826855
1637,1754378350,6.036217
1638,1754378351,5.231388
1639,1754378352,5.701312
1640,1754378353,5.276382
1641,1754378354,11.105528
1642,1754378355,5.737292
1643,1754378356,5.751766
1644,1754378357,5.4545449999999995
1645,1754378358,6.568974
1646,1754378359,5.659424
1647,1754378360,9.939455
1648,1754378361,8.592965
1649,1754378362,1.3581489
1650,1754378363,0.4018081
1651,1754378364,0.6535947999999999
1652,1754378365,0.4016064
1653,1754378366,1.3065327
1654,1754378367,0.2506266
1655,1754378368,0.8044243
1656,1754378369,0.2512563
1657,1754378370,2.019182
1658,1754378371,0.453629
1659,1754378372,1.0060362
1660,1754378373,1.2139605
1661,1754378374,3.132895
1662,1754378375,0.706001
1663,1754378376,1.4141414
1664,1754378377,0.6549117999999999
1665,1754378378,1.71371
1666,1754378379,0.7056452
1667,1754378380,2.075949
1668,1754378381,0.8572869
1669,1754378382,1.869631
1670,1754378383,1.6691958
1671,1754378384,5.311077
1672,1754378385,0.7552869999999999
1673,1754378386,13.549039
1674,1754378387,9.827761
1675,1754378388,2.573158
1676,1754378389,4.194037
1677,1754378390,7.995951
1678,1754378391,3.39929
1679,1754378392,4.090909
1680,1754378393,0.908632
1681,1754378394,8.911392
1682,1754378395,6.831984
1683,1754378396,2.275025
1684,1754378397,1.7632240000000001
1685,1754378398,7.128413
1686,1754378399,2.781993
1687,1754378400,4.747475
1688,1754378401,1.4141414
1689,1754378402,4.69697
1690,1754378403,8.345979
1691,1754378404,10.0
1692,1754378405,6.376518
1693,1754378406,14.0625
1694,1754378407,6.741004
1695,1754378408,6.568974
1696,1754378409,4.906424
1697,1754378410,15.650407
1698,1754378411,11.752786
1699,1754378412,6.578947
1700,1754378413,4.038364
1701,1754378414,5.108751
1702,1754378415,4.853387
1703,1754378416,5.518987
1704,1754378417,2.469758
1705,1754378418,7.793522
1706,1754378419,11.30742
1707,1754378420,15.042908
1708,1754378421,7.521454
1709,1754378422,8.568548
1710,1754378423,5.932629
1711,1754378424,6.21526
1712,1754378425,1.1592742
1713,1754378426,20.81244
1714,1754378427,59.61732
1715,1754378428,84.34521
1716,1754378429,85.13514
1717,1754378430,78.52484
1718,1754378431,80.01005
1719,1754378432,85.23524
1720,1754378433,77.16575
1721,1754378434,81.65414
1722,1754378435,81.01202
1723,1754378436,78.25213
1724,1754378437,84.36874
1725,1754378438,79.80962
1726,1754378439,79.37782
1727,1754378440,81.76353
1728,1754378441,80.98739
1729,1754378442,85.10532
1730,1754378443,80.76152
1731,1754378444,78.69674
1732,1754378445,79.599
1733,1754378446,81.63573
1734,1754378447,85.07762
1735,1754378448,80.33033
1736,1754378449,12.919634
1737,1754378450,6.537283
1738,1754378451,4.0444890000000004
1739,1754378452,56.39739
1740,1754378453,83.3417
1741,1754378454,83.29165
1742,1754378455,79.39698
1743,1754378456,83.87581
1744,1754378457,81.43863
1745,1754378458,82.82424
1746,1754378459,79.05575
1747,1754378460,82.86573
1748,1754378461,80.47189
1749,1754378462,79.70869
1750,1754378463,84.86216
1751,1754378464,81.46293
1752,1754378465,80.98344
1753,1754378466,79.45892
1754,1754378467,83.23323
1755,1754378468,79.50902
1756,1754378469,74.48518
1757,1754378470,84.46894
1758,1754378471,80.7
1759,1754378472,78.98696
1760,1754378473,80.56253
1761,1754378474,51.48764
1762,1754378475,4.164551
1763,1754378476,3.834511
1764,1754378477,6.002035
1765,1754378478,6.221316
1766,1754378479,2.631579
1767,1754378480,4.105423
1768,1754378481,7.661086
1769,1754378482,2.377339
1770,1754378483,3.486609
1771,1754378484,2.469758
1772,1754378485,3.587671
1773,1754378486,2.319718
1774,1754378487,4.957006
1775,1754378488,2.620968
1776,1754378489,3.538928
1777,1754378490,1.966717
1778,1754378491,3.589484
1779,1754378492,2.31738
1780,1754378493,3.64557
1781,1754378494,1.9133939999999998
1782,1754378495,3.752535
1783,1754378496,1.910508
1784,1754378497,4.202532
1785,1754378498,1.2594458
1786,1754378499,4.0
1787,1754378500,1.7605629999999999
1788,1754378501,4.259635
1789,1754378502,1.3078471
1790,1754378503,4.255319
1791,1754378504,1.4587525
1792,1754378505,4.409529
1793,1754378506,0.9557344
1794,1754378507,4.312532
1795,1754378508,4.831404
1796,1754378509,4.510897
1797,1754378510,1.966717
1798,1754378511,8.503055
1799,1754378512,9.528637
1800,1754378513,4.699343
1801,1754378514,9.229209
1802,1754378515,6.363636
1803,1754378516,10.598377
1804,1754378517,6.063669
1805,1754378518,10.323887
1806,1754378519,5.594758
1807,1754378520,10.416667
1808,1754378521,6.306761
1809,1754378522,9.371834
1810,1754378523,6.370071
1811,1754378524,9.528637
1812,1754378525,7.016658
1813,1754378526,8.77727
1814,1754378527,7.175341
1815,1754378528,8.860759
1816,1754378529,7.525253
1817,1754378530,7.78958
1818,1754378531,7.84413
1819,1754378532,7.723372
1820,1754378533,8.911392
1821,1754378534,6.821627
1822,1754378535,9.270517
1823,1754378536,6.653226
1824,1754378537,9.736308
1825,1754378538,6.259465
1826,1754378539,8.832487
1827,1754378540,7.222222
1828,1754378541,12.911392
1829,1754378542,8.054711
1830,1754378543,8.603239
1831,1754378544,14.264036
1832,1754378545,11.800303
1833,1754378546,15.139241
1834,1754378547,10.624371
1835,1754378548,15.096251
1836,1754378549,11.743952
1837,1754378550,13.873418
1838,1754378551,12.222222
1839,1754378552,13.650152
1840,1754378553,13.346815
1841,1754378554,17.98888
1842,1754378555,14.423077
1843,1754378556,11.598588
1844,1754378557,14.452333
1845,1754378558,11.83283
1846,1754378559,13.700708
1847,1754378560,12.859304
1848,1754378561,13.201821
1849,1754378562,13.218971
1850,1754378563,12.171717
1851,1754378564,14.66869
1852,1754378565,11.222949
1853,1754378566,14.850482
1854,1754378567,10.831234
1855,1754378568,14.732593
1856,1754378569,12.676768
1857,1754378570,13.131313
1858,1754378571,13.252403
1859,1754378572,12.676768
1860,1754378573,17.23264
1861,1754378574,16.356316
1862,1754378575,18.78481
1863,1754378576,18.02618
1864,1754378577,17.58464
1865,1754378578,19.72686
1866,1754378579,15.837104
1867,1754378580,19.8786
1868,1754378581,17.1875
1869,1754378582,18.65521
1870,1754378583,18.05345
1871,1754378584,17.68262
1872,1754378585,19.38259
1873,1754378586,16.666667
1874,1754378587,18.56348
1875,1754378588,18.43434
1876,1754378589,17.2553
1877,1754378590,19.98988
1878,1754378591,15.535445
1879,1754378592,19.89873
1880,1754378593,17.54032
1881,1754378594,18.18182
1882,1754378595,18.5129
1883,1754378596,17.1875
1884,1754378597,19.45427
1885,1754378598,17.1371
1886,1754378599,17.99798
1887,1754378600,18.75
1888,1754378601,23.02267
1889,1754378602,23.4107
1890,1754378603,17.63224
1891,1754378604,24.12551
1892,1754378605,24.20414
1893,1754378606,21.76973
1894,1754378607,23.95149
1895,1754378608,23.13131
1896,1754378609,23.18182
1897,1754378610,24.54545
1898,1754378611,21.02616
1899,1754378612,24.88642
1900,1754378613,22.36776
1901,1754378614,23.96777
1902,1754378615,23.3871
1903,1754378616,22.54655
1904,1754378617,24.4568
1905,1754378618,21.65899
1906,1754378619,23.29803
1907,1754378620,24.04234
1908,1754378621,22.15509
1909,1754378622,24.59596
1910,1754378623,21.21669
1911,1754378624,26.57908
1912,1754378625,24.41978
1913,1754378626,22.25579
1914,1754378627,23.90318
1915,1754378628,22.88306
1916,1754378629,22.7063
1917,1754378630,24.60839
1918,1754378631,20.81448
1919,1754378632,24.92401
1920,1754378633,24.93703
1921,1754378634,27.39174
1922,1754378635,30.32746
1923,1754378636,27.40964
1924,1754378637,29.38508
1925,1754378638,28.47082
1926,1754378639,27.36419
1927,1754378640,29.36428
1928,1754378641,27.94562
1929,1754378642,27.5063
1930,1754378643,30.25719
1931,1754378644,26.93467
1932,1754378645,29.34947
1933,1754378646,28.47082
1934,1754378647,27.62097
1935,1754378648,29.53054
1936,1754378649,32.46362
1937,1754378650,27.48361
1938,1754378651,30.24194
1939,1754378652,26.82069
1940,1754378653,29.51564
1941,1754378654,28.19738
1942,1754378655,27.80292
1943,1754378656,29.47103
1944,1754378657,29.7637
1945,1754378658,28.13918
1946,1754378659,29.89431
1947,1754378660,26.43216
1948,1754378661,35.1665
1949,1754378662,29.37626
1950,1754378663,34.15617
1951,1754378664,35.03024
1952,1754378665,32.99849
1953,1754378666,33.36694
1954,1754378667,35.36524
1955,1754378668,32.8987
1956,1754378669,34.50882
1957,1754378670,34.89191
1958,1754378671,32.5138
1959,1754378672,35.23473
1960,1754378673,32.53012
1961,1754378674,33.6858
1962,1754378675,35.23185
1963,1754378676,32.53012
1964,1754378677,33.48439
1965,1754378678,35.29708
1966,1754378679,31.64493
1967,1754378680,34.91423
1968,1754378681,33.1994
1969,1754378682,33.03167
1970,1754378683,34.94705
1971,1754378684,32.89738
1972,1754378685,33.03122
1973,1754378686,35.68548
1974,1754378687,32.0442
1975,1754378688,34.52441
1976,1754378689,33.87016
1977,1754378690,32.26131
1978,1754378691,34.88137
1979,1754378692,37.60684
1980,1754378693,34.20523
1981,1754378694,40.4726
1982,1754378695,36.57802
1983,1754378696,40.22177
1984,1754378697,38.8833
1985,1754378698,37.36209
1986,1754378699,40.42339
1987,1754378700,38.77449
1988,1754378701,37.37425
1989,1754378702,40.543260000000004
1990,1754378703,38.12625
1991,1754378704,39.35581
1992,1754378705,38.99497
1993,1754378706,36.97943
1994,1754378707,40.59656
1995,1754378708,40.61554
1996,1754378709,39.16331
1997,1754378710,46.23166
1998,1754378711,44.57892
1999,1754378712,41.29779
2000,1754378713,43.54839
2001,1754378714,43.857
2002,1754378715,41.58266
2003,1754378716,42.15587
2004,1754378717,40.70529
2005,1754378718,66.68339
2006,1754378719,94.60539
2007,1754378720,91.83367
2008,1754378721,90.57172
2009,1754378722,89.29465
2010,1754378723,94.19419
2011,1754378724,91.83776
2012,1754378725,91.34567
2013,1754378726,95.58897
2014,1754378727,51.60966
2015,1754378728,43.37349
2016,1754378729,43.65278
2017,1754378730,43.84731
2018,1754378731,42.87864
2019,1754378732,51.65331
2020,1754378733,52.95888
2021,1754378734,99.45055
2022,1754378735,95.95
2023,1754378736,87.03704
2024,1754378737,96.3982
2025,1754378738,99.15
2026,1754378739,90.64532
2027,1754378740,99.3997
2028,1754378741,99.5
2029,1754378742,91.18236
2030,1754378743,98.15
2031,1754378744,98.94895
2032,1754378745,97.35265
2033,1754378746,90.19019
2034,1754378747,99.30035
2035,1754378748,99.44972
2036,1754378749,89.54477
2037,1754378750,99.35
2038,1754378751,99.05
2039,1754378752,90.88633
2040,1754378753,99.24962
2041,1754378754,98.75062
2042,1754378755,97.89685
2043,1754378756,89.15542
2044,1754378757,98.9995
2045,1754378758,98.85
2046,1754378759,89.22846
2047,1754378760,99.05
2048,1754378761,98.65
2049,1754378762,98.6014
2050,1754378763,88.78317
2051,1754378764,98.1982
2052,1754378765,98.8989
2053,1754378766,94.24136
2054,1754378767,95.35696
2055,1754378768,98.94947
2056,1754378769,97.35132
2057,1754378770,85.993
2058,1754378771,96.25
2059,1754378772,95.04505
2060,1754378773,87.23724
2061,1754378774,98.3017
2062,1754378775,99.29965
2063,1754378776,98.5993
2064,1754378777,92.90355
2065,1754378778,98.49775
2066,1754378779,98.75125
2067,1754378780,98.999
2068,1754378781,89.7
2069,1754378782,98.94947
2070,1754378783,98.50075
2071,1754378784,77.39348
2072,1754378785,99.2
2073,1754378786,98.34752
2074,1754378787,82.3912
2075,1754378788,97.75225
2076,1754378789,72.21106
2077,1754378790,97.7967
2078,1754378791,98.30085
2079,1754378792,77.55511
2080,1754378793,98.9
2081,1754378794,80.51102
2082,1754378795,98.0
2083,1754378796,86.23624
2084,1754378797,92.25
2085,1754378798,98.10095
2086,1754378799,79.92993
2087,1754378800,95.54777
2088,1754378801,74.1984
2089,1754378802,99.45055
2090,1754378803,99.0
2091,1754378804,80.61122
2092,1754378805,97.35
2093,1754378806,77.41612
2094,1754378807,94.003
2095,1754378808,76.1523
2096,1754378809,98.44845
2097,1754378810,97.25
2098,1754378811,82.86573
2099,1754378812,97.5
2100,1754378813,82.59779
2101,1754378814,96.50175
2102,1754378815,98.1991
2103,1754378816,83.13253
2104,1754378817,98.7013
2105,1754378818,79.31727
2106,1754378819,98.70065
2107,1754378820,97.69654
2108,1754378821,79.68984
2109,1754378822,98.34835
2110,1754378823,78.82883
2111,1754378824,98.74875
2112,1754378825,89.28393
2113,1754378826,86.25
2114,1754378827,97.59639
2115,1754378828,78.5
2116,1754378829,95.89384
2117,1754378830,83.65095
2118,1754378831,89.33934
2119,1754378832,97.65
2120,1754378833,78.65731
2121,1754378834,96.7
2122,1754378835,87.42485
2123,1754378836,98.5
2124,1754378837,96.24437
2125,1754378838,80.16983
2126,1754378839,96.84842
2127,1754378840,81.83643000000001
2128,1754378841,93.50649
2129,1754378842,93.05
2130,1754378843,79.29825
2131,1754378844,97.95
2132,1754378845,82.19659
2133,1754378846,92.50375
2134,1754378847,96.4
2135,1754378848,78.58576
2136,1754378849,98.5993
2137,1754378850,95.54108
2138,1754378851,80.68239
2139,1754378852,97.85322
2140,1754378853,80.27108
2141,1754378854,99.25
2142,1754378855,98.90055
2143,1754378856,76.57658
2144,1754378857,97.2014
2145,1754378858,85.02004
2146,1754378859,97.55
2147,1754378860,97.24862
2148,1754378861,79.24812
2149,1754378862,98.89945
2150,1754378863,87.23085
2151,1754378864,97.90105
2152,1754378865,97.44872
2153,1754378866,83.51703
2154,1754378867,98.94947
2155,1754378868,76.75
2156,1754378869,99.04857
2157,1754378870,97.998
2158,1754378871,76.92693
2159,1754378872,96.69504
2160,1754378873,76.81522
2161,1754378874,98.6014
2162,1754378875,91.19119
2163,1754378876,75.13757
2164,1754378877,95.85
2165,1754378878,82.30576
2166,1754378879,98.89945
2167,1754378880,97.8979
2168,1754378881,78.83942
2169,1754378882,97.1986
2170,1754378883,81.22183
2171,1754378884,96.54482
2172,1754378885,96.75
2173,1754378886,75.76365
2174,1754378887,99.0015
2175,1754378888,73.01906
2176,1754378889,98.64865
2177,1754378890,95.65217
2178,1754378891,79.71958
2179,1754378892,97.8
2180,1754378893,98.54782
2181,1754378894,92.14214
2182,1754378895,57.94486
2183,1754378896,95.45
2184,1754378897,99.0005
2185,1754378898,98.44922
2186,1754378899,84.75738
2187,1754378900,13.157895
2188,1754378901,4.338948
2189,1754378902,4.652352
2190,1754378903,6.5139949999999995
2191,1754378904,0.6039255
2192,1754378905,82.17326
2193,1754378906,98.10095
2194,1754378907,98.8
2195,1754378908,64.23908
2196,1754378909,93.6
2197,1754378910,93.44672
2198,1754378911,93.4033
2199,1754378912,61.32597
2200,1754378913,98.90055
2201,1754378914,97.04705
2202,1754378915,85.72859
2203,1754378916,94.3
2204,1754378917,87.31269
2205,1754378918,97.09564
2206,1754378919,84.12619
2207,1754378920,98.55217
2208,1754378921,80.14042
2209,1754378922,98.49775
2210,1754378923,82.5
2211,1754378924,98.002
2212,1754378925,81.90476
2213,1754378926,97.1972
2214,1754378927,80.73073
2215,1754378928,95.75637
2216,1754378929,80.21042
2217,1754378930,97.24862
2218,1754378931,78.47848
2219,1754378932,97.29865
2220,1754378933,85.43544
2221,1754378934,97.44872
2222,1754378935,92.54254
2223,1754378936,90.7
2224,1754378937,98.1
2225,1754378938,74.93645
2226,1754378939,97.3027
2227,1754378940,75.03759
2228,1754378941,98.05097
2229,1754378942,82.19659
2230,1754378943,97.8011
2231,1754378944,93.29329
2232,1754378945,78.58929
2233,1754378946,96.94695
2234,1754378947,80.49025
2235,1754378948,99.3007
2236,1754378949,89.42886
2237,1754378950,83.45
2238,1754378951,96.09805
2239,1754378952,75.9018
2240,1754378953,96.45177
2241,1754378954,79.6695
2242,1754378955,93.44344
2243,1754378956,97.3027
2244,1754378957,79.33967
2245,1754378958,98.44922
2246,1754378959,79.48974
2247,1754378960,99.09955
2248,1754378961,84.5614
2249,1754378962,98.15
2250,1754378963,98.2027
2251,1754378964,82.41483
2252,1754378965,99.44945
2253,1754378966,80.3
2254,1754378967,99.05047
2255,1754378968,83.36673
2256,1754378969,95.85207
2257,1754378970,83.5589
2258,1754378971,96.1039
2259,1754378972,99.24962
2260,1754378973,76.29073
2261,1754378974,98.5
2262,1754378975,81.17176
2263,1754378976,99.24887
2264,1754378977,86.34317
2265,1754378978,86.24312
2266,1754378979,92.69635
2267,1754378980,80.23023
2268,1754378981,96.0961
2269,1754378982,81.991
2270,1754378983,97.69885
2271,1754378984,93.59359
2272,1754378985,83.24162
2273,1754378986,97.6012
2274,1754378987,80.77116
2275,1754378988,99.05
2276,1754378989,81.42213
2277,1754378990,99.34935
2278,1754378991,92.79279
2279,1754378992,83.1916
2280,1754378993,98.7
2281,1754378994,77.77778
2282,1754378995,96.4965
2283,1754378996,84.78478
2284,1754378997,90.8
2285,1754378998,97.50125
2286,1754378999,77.15431
2287,1754379000,98.25
2288,1754379001,89.41825
2289,1754379002,91.05447
2290,1754379003,99.1984
2291,1754379004,76.95761
2292,1754379005,97.94486
2293,1754379006,87.4561
2294,1754379007,90.84542
2295,1754379008,97.09855
2296,1754379009,77.17718
2297,1754379010,97.0
2298,1754379011,97.45127
2299,1754379012,76.1022
2300,1754379013,97.30404
2301,1754379014,16.371009
2302,1754379015,2.7848100000000002
2303,1754379016,2.626263
2304,1754379017,0.5538771
2305,1754379018,2.118003
2306,1754379019,5.391658
2307,1754379020,2.580972
2308,1754379021,9.026369
2309,1754379022,3.744939
2310,1754379023,1.4602216
2311,1754379024,5.6508579999999995
2312,1754379025,1.764113
2313,1754379026,2.214394
2314,1754379027,0.7537688
2315,1754379028,1.711122
2316,1754379029,1.9114689999999999
2317,1754379030,1.4077426
2318,1754379031,24.38411
2319,1754379032,85.44272
2320,1754379033,84.47672
2321,1754379034,97.54877
2322,1754379035,82.77416
2323,1754379036,97.05
2324,1754379037,92.88221
2325,1754379038,86.1931
2326,1754379039,98.69935
2327,1754379040,80.33033
2328,1754379041,96.6
2329,1754379042,80.32048
2330,1754379043,99.1996
2331,1754379044,82.02303
2332,1754379045,95.1
2333,1754379046,72.86861
2334,1754379047,96.337
2335,1754379048,75.23857
2336,1754379049,97.65117
2337,1754379050,93.58717
2338,1754379051,84.09205
2339,1754379052,99.25
2340,1754379053,13.151239
2341,1754379054,3.286148
2342,1754379055,79.48974
2343,1754379056,90.92277
2344,1754379057,90.005
2345,1754379058,85.8003
2346,1754379059,86.66334
2347,1754379060,88.15855
2348,1754379061,90.92269
2349,1754379062,86.71013
2350,1754379063,89.41588
2351,1754379064,84.39538
2352,1754379065,94.71322
2353,1754379066,82.28801
2354,1754379067,98.85
2355,1754379068,83.86774
2356,1754379069,97.15142
2357,1754379070,85.92889
2358,1754379071,92.15
2359,1754379072,89.83475
2360,1754379073,91.86627
2361,1754379074,89.17293
2362,1754379075,2.886076
2363,1754379076,46.40884
2364,1754379077,96.6
2365,1754379078,81.92288
2366,1754379079,95.85
2367,1754379080,74.07407
2368,1754379081,95.75
2369,1754379082,85.67134
2370,1754379083,99.3
2371,1754379084,87.33734
2372,1754379085,96.04407
2373,1754379086,85.75
2374,1754379087,94.33868
2375,1754379088,85.28529
2376,1754379089,92.30385
2377,1754379090,88.1322
2378,1754379091,95.24762
2379,1754379092,86.04302
2380,1754379093,93.99399
2381,1754379094,88.25
2382,1754379095,94.74737
2383,1754379096,3.636364
2384,1754379097,39.15663
2385,1754379098,96.6034
2386,1754379099,83.31663
2387,1754379100,96.5983
2388,1754379101,81.52228
2389,1754379102,97.64411
2390,1754379103,81.38138000000001
2391,1754379104,98.14907
2392,1754379105,83.23293
2393,1754379106,97.85107
2394,1754379107,82.66533
2395,1754379108,98.65067
2396,1754379109,96.49123
2397,1754379110,80.19057
2398,1754379111,98.10095
2399,1754379112,81.11222
2400,1754379113,97.29865
2401,1754379114,79.40882
2402,1754379115,95.1976
2403,1754379116,88.55996
2404,1754379117,89.54477
2405,1754379118,98.5993
2406,1754379119,34.56665
2407,1754379120,12.979798
2408,1754379121,5.731523
2409,1754379122,83.94197
2410,1754379123,86.72345
2411,1754379124,95.34535
2412,1754379125,66.54965
2413,1754379126,9.330629
2414,1754379127,4.187689
2415,1754379128,2.991886
2416,1754379129,7.139241
2417,1754379130,4.402834
2418,1754379131,1.5625
2419,1754379132,3.131417
2420,1754379133,1.861167
2421,1754379134,1.6700404999999998
2422,1754379135,4.385081
2423,1754379136,4.997476
2424,1754379137,3.589484
2425,1754379138,9.949495
2426,1754379139,20.51672
2427,1754379140,5.796371
2428,1754379141,14.964611
2429,1754379142,18.07595
2430,1754379143,17.57576
2431,1754379144,17.63517
2432,1754379145,12.525253
2433,1754379146,9.146033
2434,1754379147,8.531045
2435,1754379148,3.377016
2436,1754379149,4.934542
2437,1754379150,4.997476
2438,1754379151,10.186586
2439,1754379152,3.074597
2440,1754379153,1.3124685
2441,1754379154,2.727273
2442,1754379155,3.931452
2443,1754379156,3.425693
2444,1754379157,1.9153229999999999
2445,1754379158,7.913306
2446,1754379159,7.55287
2447,1754379160,6.196474
2448,1754379161,11.779575
2449,1754379162,9.090909
2450,1754379163,9.979839
2451,1754379164,10.678138
2452,1754379165,7.431749
2453,1754379166,7.556675
2454,1754379167,6.42893
2455,1754379168,5.519318
2456,1754379169,5.471888
2457,1754379170,1.4609572
2458,1754379171,0.7545272
2459,1754379172,1.3581489
2460,1754379173,10.881612
2461,1754379174,17.61134
2462,1754379175,12.064614
2463,1754379176,6.889564
2464,1754379177,5.555556
2465,1754379178,5.165496
2466,1754379179,6.180905
2467,1754379180,2.713568
2468,1754379181,0.9571788
2469,1754379182,1.1044177
2470,1754379183,1.961771
2471,1754379184,1.4070352
2472,1754379185,0.5527638
2473,1754379186,1.1575239
2474,1754379187,0.5524861999999999
2475,1754379188,0.3521127
2476,1754379189,0.5524861999999999
2477,1754379190,1.3595166
2478,1754379191,0.7035176
2479,1754379192,0.6039255
2480,1754379193,4.275654
2481,1754379194,20.59717
2482,1754379195,10.217501
2483,1754379196,7.630116
2484,1754379197,10.419828
2485,1754379198,6.854839
2486,1754379199,7.168097
2487,1754379200,3.175403
2488,1754379201,6.568974
2489,1754379202,0.9610521
2490,1754379203,2.270434
2491,1754379204,2.874433
2492,1754379205,1.362948
2493,1754379206,3.844208
2494,1754379207,5.6508579999999995
2495,1754379208,3.324937
2496,1754379209,1.6666667
2497,1754379210,17.4772
2498,1754379211,18.47166
2499,1754379212,8.838384
2500,1754379213,9.021794
2501,1754379214,22.68823
2502,1754379215,23.29459
2503,1754379216,16.111111
2504,1754379217,8.958228
2505,1754379218,9.480585
2506,1754379219,22.766280000000002
2507,1754379220,16.076845
2508,1754379221,11.696203
2509,1754379222,7.727273
2510,1754379223,11.369378
2511,1754379224,9.853461
2512,1754379225,16.607774
2513,1754379226,11.458859
2514,1754379227,7.536672
2515,1754379228,6.060606
2516,1754379229,9.7524
2517,1754379230,7.723372
2518,1754379231,6.854839
2519,1754379232,8.148893
2520,1754379233,7.099698
2521,1754379234,5.117913
2522,1754379235,5.979899
2523,1754379236,15.512048
2524,1754379237,27.20403
2525,1754379238,98.94895
2526,1754379239,38.38791
2527,1754379240,13.627153
2528,1754379241,9.379728
2529,1754379242,6.451613
2530,1754379243,6.818182
2531,1754379244,8.341759
2532,1754379245,8.737373999999999
2533,1754379246,8.434343
2534,1754379247,22.03732
2535,1754379248,71.14228
2536,1754379249,94.29715
2537,1754379250,79.94987
2538,1754379251,99.14957
2539,1754379252,84.35
2540,1754379253,99.15
2541,1754379254,82.49125
2542,1754379255,97.1986
2543,1754379256,85.34267
2544,1754379257,98.7
2545,1754379258,82.48248
2546,1754379259,95.4
2547,1754379260,84.22634
2548,1754379261,98.002
2549,1754379262,83.57536
2550,1754379263,99.05047
2551,1754379264,82.11423
2552,1754379265,97.7978
2553,1754379266,85.86414
2554,1754379267,96.45355
2555,1754379268,63.2612
2556,1754379269,3.025719
2557,1754379270,2.468514
2558,1754379271,31.09664
2559,1754379272,96.2963
2560,1754379273,83.13313
2561,1754379274,96.04802
2562,1754379275,83.28328
2563,1754379276,96.5983
2564,1754379277,85.84292
2565,1754379278,96.69504
2566,1754379279,84.64232
2567,1754379280,97.59639
2568,1754379281,84.51548
2569,1754379282,97.54755
2570,1754379283,78.18909
2571,1754379284,91.62742
2572,1754379285,80.87131
2573,1754379286,98.25
2574,1754379287,84.74237
2575,1754379288,97.44872
2576,1754379289,83.03303
2577,1754379290,97.89685
2578,1754379291,35.21411
2579,1754379292,0.8551308
2580,1754379293,1.8639800000000002
2581,1754379294,2.269289
2582,1754379295,1.2600806
2583,1754379296,1.1071968
2584,1754379297,4.086781
2585,1754379298,1.86586
2586,1754379299,0.9045226
2587,1754379300,85.0
2588,1754379301,81.04313
2589,1754379302,96.5445
2590,1754379303,80.49025
2591,1754379304,97.24311
2592,1754379305,84.43443
2593,1754379306,98.1982
2594,1754379307,81.84092
2595,1754379308,97.0
2596,1754379309,78.92624
2597,1754379310,96.8032
2598,1754379311,80.87131
2599,1754379312,98.54855
2600,1754379313,82.93293
2601,1754379314,96.2019
2602,1754379315,88.58859
2603,1754379316,92.05
2604,1754379317,88.12625
2605,1754379318,84.82277
2606,1754379319,94.33868
2607,1754379320,6.945143
2608,1754379321,54.76908
2609,1754379322,96.90155
2610,1754379323,81.48148
2611,1754379324,96.14807
2612,1754379325,83.70927
2613,1754379326,96.85
2614,1754379327,79.82983
2615,1754379328,96.90938
2616,1754379329,81.1
2617,1754379330,98.94842
2618,1754379331,79.85
2619,1754379332,96.64832
2620,1754379333,83.70815
2621,1754379334,96.6416
2622,1754379335,84.3609
2623,1754379336,97.5
2624,1754379337,82.55
2625,1754379338,99.40090000000001
2626,1754379339,83.42514
2627,1754379340,98.04902
2628,1754379341,30.43917
2629,1754379342,1.0574018
2630,1754379343,1.6112790000000001
2631,1754379344,2.170621
2632,1754379345,1.2588116999999999
2633,1754379346,2.2647209999999998
2634,1754379347,2.2211
2635,1754379348,2.582278
2636,1754379349,1.2054244
2637,1754379350,1.3085053
2638,1754379351,2.721774
2639,1754379352,33.83459
2640,1754379353,97.6
2641,1754379354,82.7914
2642,1754379355,82.0603
2643,1754379356,4.896517
2644,1754379357,2.926337
2645,1754379358,0.7560484
2646,1754379359,0.6027121999999999
2647,1754379360,1.1049724
2648,1754379361,0.5519318
2649,1754379362,0.6529382
2650,1754379363,0.1003512
2651,1754379364,1.304566
2652,1754379365,0.100452
2653,1754379366,0.6529382
2654,1754379367,0.1506024
2655,1754379368,1.15636
2656,1754379369,0.1506024
2657,1754379370,0.7545272
2658,1754379371,0.1003512
2659,1754379372,1.0568697
2660,1754379373,0.45112779999999997
2661,1754379374,0.6030151
2662,1754379375,0.1505268
2663,1754379376,1.1551984
2664,1754379377,0.4014049
2665,1754379378,0.6027121999999999
2666,1754379379,0.25113009999999997
2667,1754379380,1.2072435
2668,1754379381,4.17505
2669,1754379382,3.224181
2670,1754379383,0.20110609999999998
2671,1754379384,1.1055276
2672,1754379385,0.45090179999999996
2673,1754379386,0.7042254
2674,1754379387,0.1505268
2675,1754379388,1.2060302
2676,1754379389,0.3514056
2677,1754379390,0.6027121999999999
2678,1754379391,0.20070249999999998
2679,1754379392,1.0547464
2680,1754379393,0.3508772
2681,1754379394,0.9547739
2682,1754379395,0.100452
2683,1754379396,1.0547464
2684,1754379397,0.4520342
2685,1754379398,0.6036216999999999
2686,1754379399,0.1505268
2687,1754379400,1.15636
2688,1754379401,0.5017560999999999
2689,1754379402,0.6526103999999999
2690,1754379403,0.1506024
2691,1754379404,1.1569416
2692,1754379405,0.4014049
2693,1754379406,0.7537688
2694,1754379407,0.201005
2695,1754379408,1.2550200999999999
2696,1754379409,0.2508781
2697,1754379410,0.5530417
2698,1754379411,0.30135609999999996
2699,1754379412,1.15636
2700,1754379413,0.4520342
2701,1754379414,0.6033183
2702,1754379415,0.2008032
2703,1754379416,1.1055276
2704,1754379417,0.30090269999999997
2705,1754379418,0.7017544
2706,1754379419,0.20070249999999998
2707,1754379420,1.1557789
2708,1754379421,0.4515805
2709,1754379422,0.6024096
2710,1754379423,0.1003009
2711,1754379424,1.2550200999999999
2712,1754379425,0.4014049
2713,1754379426,2.008032
2714,1754379427,0.15067809999999998
2715,1754379428,1.0568697
2716,1754379429,0.35122929999999997
2717,1754379430,0.9054325999999999
2718,1754379431,0.1507538
2719,1754379432,1.1546185
2720,1754379433,0.5025126
2721,1754379434,0.7028112
2722,1754379435,0.050226
2723,1754379436,1.1546185
2724,1754379437,0.551655
2725,1754379438,0.6532663
2726,1754379439,0.2008032
2727,1754379440,1.1557789
2728,1754379441,3.869347
2729,1754379442,0.7537688
2730,1754379443,0.1004016
2731,1754379444,1.0552764
2732,1754379445,2.712205
2733,1754379446,0.7533903
2734,1754379447,0.1506024
2735,1754379448,1.1551984
2736,1754379449,0.5022601999999999
2737,1754379450,0.6033183
2738,1754379451,0.20070249999999998
2739,1754379452,1.806322
2740,1754379453,0.1505268
2741,1754379454,1.5562249000000001
2742,1754379455,0.1003512
2743,1754379456,1.1546185
2744,1754379457,0.4513541
2745,1754379458,0.6526103999999999
2746,1754379459,0.1506024
2747,1754379460,1.0558069
2748,1754379461,0.4515805
2749,1754379462,0.7028112
2750,1754379463,0.1004016
2751,1754379464,1.0558069
2752,1754379465,0.4014049
2753,1754379466,0.7031642
2754,1754379467,0.1506024
2755,1754379468,1.0552764
2756,1754379469,0.4016064
2757,1754379470,0.7024585999999999
2758,1754379471,0.2512563
2759,1754379472,1.0547464
2760,1754379473,0.5025126
2761,1754379474,0.6529382
2762,1754379475,0.20070249999999998
2763,1754379476,1.1044177
2764,1754379477,0.4515805
2765,1754379478,0.7028112
2766,1754379479,0.1003512
2767,1754379480,1.1557789
2768,1754379481,0.551655
2769,1754379482,0.6030151
2770,1754379483,0.1003009
2771,1754379484,1.2030075
2772,1754379485,1.5562249000000001
2773,1754379486,1.706827
2774,1754379487,0.15067809999999998
2775,1754379488,1.0547464
2776,1754379489,0.3510532
2777,1754379490,0.6535947999999999
2778,1754379491,0.1003009
2779,1754379492,3.230692
2780,1754379493,0.7541477999999999
2781,1754379494,2.178318
2782,1754379495,0.1505268
2783,1754379496,1.2054244
2784,1754379497,0.3514056
2785,1754379498,0.6024096
2786,1754379499,0.2508781
2787,1754379500,1.0552764
2788,1754379501,4.122675
2789,1754379502,1.916288
2790,1754379503,1.108871
2791,1754379504,1.3595166
2792,1754379505,1.2588116999999999
2793,1754379506,4.233871
2794,1754379507,0.7575757999999999
2795,1754379508,6.43038
2796,1754379509,7.805373
2797,1754379510,2.577059
2798,1754379511,3.533569
2799,1754379512,1.963746
2800,1754379513,7.218576
2801,1754379514,1.5593561
2802,1754379515,1.962758
2803,1754379516,0.5533199
2804,1754379517,2.9797979999999997
2805,1754379518,5.30571
2806,1754379519,1.4127144
2807,1754379520,4.488149
2808,1754379521,6.926188
2809,1754379522,0.5535983999999999
2810,1754379523,1.412002
2811,1754379524,0.7052897
2812,1754379525,1.6591252
2813,1754379526,0.8064515999999999
2814,1754379527,1.2072435
2815,1754379528,0.6539235
2816,1754379529,1.812689
2817,1754379530,0.5030181
2818,1754379531,1.056338
2819,1754379532,0.8068582999999999
2820,1754379533,2.929293
2821,1754379534,0.7052897
2822,1754379535,1.867744
2823,1754379536,1.0552764
2824,1754379537,1.5617128
2825,1754379538,0.6545821
2826,1754379539,0.7549068999999999
2827,1754379540,0.3521127
2828,1754379541,1.1044177
2829,1754379542,0.15067809999999998
2830,1754379543,0.6535947999999999
2831,1754379544,0.3010537
2832,1754379545,1.0552764
2833,1754379546,0.25113009999999997
2834,1754379547,1.2084592
2835,1754379548,1.2613522
2836,1754379549,1.6096579
2837,1754379550,5.909091
2838,1754379551,7.360406
2839,1754379552,4.547751
2840,1754379553,1.2600806
2841,1754379554,2.070707
2842,1754379555,0.8036163
2843,1754379556,0.5538771
2844,1754379557,1.5601409
2845,1754379558,2.525253
2846,1754379559,1.967709
2847,1754379560,0.5032713
2848,1754379561,4.299444
2849,1754379562,0.908632
2850,1754379563,3.080808
2851,1754379564,0.5538771
2852,1754379565,1.711984
2853,1754379566,0.7045798
2854,1754379567,3.019628
2855,1754379568,2.8254289999999997
2856,1754379569,1.868687
2857,1754379570,0.9557344
2858,1754379571,1.3085053
2859,1754379572,2.318548
2860,1754379573,1.6145307999999998
2861,1754379574,0.6545821
2862,1754379575,0.8568547999999999
2863,1754379576,3.801318
2864,1754379577,2.878788
2865,1754379578,1.917255
2866,1754379579,2.475998
2867,1754379580,2.170621
2868,1754379581,1.5609264999999999
2869,1754379582,1.716305
2870,1754379583,1.0070493
2871,1754379584,1.5128593000000001
2872,1754379585,0.8036163
2873,1754379586,1.0060362
2874,1754379587,1.2066365000000001
2875,1754379588,0.5025126
2876,1754379589,0.6030151
2877,1754379590,1.2096774
2878,1754379591,1.0075567
2879,1754379592,0.6555723999999999
2880,1754379593,1.4602216
2881,1754379594,0.1507538
2882,1754379595,1.1083123
2883,1754379596,2.017146
2884,1754379597,7.872016
2885,1754379598,6.139016
2886,1754379599,5.983773
2887,1754379600,0.5552751
2888,1754379601,1.7189079999999999
2889,1754379602,0.3019628
2890,1754379603,1.3567839
2891,1754379604,0.4018081
2892,1754379605,1.2562814
2893,1754379606,0.2009041
2894,1754379607,1.2562814
2895,1754379608,0.7056452
2896,1754379609,2.526529
2897,1754379610,0.7067138
2898,1754379611,1.5136226
2899,1754379612,0.5030181
2900,1754379613,1.3567839
2901,1754379614,0.1007049
2902,1754379615,1.1557789
2903,1754379616,0.2512563
2904,1754379617,1.2060302
2905,1754379618,0.20110609999999998
2906,1754379619,1.256913
2907,1754379620,0.15082959999999998
2908,1754379621,1.3058764
2909,1754379622,0.2009041
2910,1754379623,3.517588
2911,1754379624,0.1005025
2912,1754379625,1.304566
2913,1754379626,0.5030181
2914,1754379627,1.7076850000000001
2915,1754379628,0.4520342
2916,1754379629,1.3065327
2917,1754379630,0.15082959999999998
2918,1754379631,1.4587525
2919,1754379632,0.8590196999999999
2920,1754379633,1.711122
2921,1754379634,0.7568113
2922,1754379635,1.965726
2923,1754379636,0.8564231999999999
2924,1754379637,1.0574018
2925,1754379638,0.2009041
2926,1754379639,2.867203
2927,1754379640,0.7571933
2928,1754379641,1.2607161
2929,1754379642,0.8088979
2930,1754379643,1.6112790000000001
2931,1754379644,0.15067809999999998
2932,1754379645,1.5120968000000001
2933,1754379646,3.177005
2934,1754379647,2.167339
2935,1754379648,0.7549068999999999
2936,1754379649,8.464268
2937,1754379650,6.395939
2938,1754379651,1.6675088
2939,1754379652,0.7063572
2940,1754379653,4.713634
2941,1754379654,3.890854
2942,1754379655,1.815431
2943,1754379656,0.8060453
2944,1754379657,2.577059
2945,1754379658,1.0111223
2946,1754379659,1.6120907
2947,1754379660,0.6542526
2948,1754379661,2.259036
2949,1754379662,0.0502513
2950,1754379663,1.0542169
2951,1754379664,0.251004
2952,1754379665,0.652283
2953,1754379666,0.3517588
2954,1754379667,2.571861
2955,1754379668,9.368635
2956,1754379669,10.243408
2957,1754379670,0.2516356
2958,1754379671,1.1546185
2959,1754379672,0.10055299999999999
2960,1754379673,0.5533199
2961,1754379674,0.20110609999999998
2962,1754379675,1.0045203
2963,1754379676,0.3521127
2964,1754379677,0.6027121999999999
2965,1754379678,0.1005025
2966,1754379679,1.860231
2967,1754379680,0.2009041
2968,1754379681,1.0600707
2969,1754379682,0.9077156
2970,1754379683,2.724521
2971,1754379684,3.380424
2972,1754379685,1.5113349999999999
2973,1754379686,0.2009041
2974,1754379687,1.2072435
2975,1754379688,0.2512563
2976,1754379689,0.6033183
2977,1754379690,0.3015075
2978,1754379691,1.1071968
2979,1754379692,0.6549117999999999
2980,1754379693,0.7042254
2981,1754379694,1.2588116999999999
2982,1754379695,0.5522087999999999
2983,1754379696,0.3517588
2984,1754379697,1.0547464
2985,1754379698,0.15067809999999998
2986,1754379699,1.2575452999999999
2987,1754379700,0.2008032
2988,1754379701,1.1055276
2989,1754379702,0.1003512
2990,1754379703,0.6529382
2991,1754379704,0.15067809999999998
2992,1754379705,1.0558069
2993,1754379706,0.251004
2994,1754379707,0.5524861999999999
2995,1754379708,0.1005025
2996,1754379709,1.0050251
2997,1754379710,0.1506024
2998,1754379711,0.7035176
2999,1754379712,0.1506024
3000,1754379713,1.0558069
3001,1754379714,0.2009041
3002,1754379715,0.6021074
3003,1754379716,0.1506024
3004,1754379717,1.1546185
3005,1754379718,0.1005025
3006,1754379719,0.6535947999999999
3007,1754379720,0.15082959999999998
3008,1754379721,1.1066398
3009,1754379722,1.909548
3010,1754379723,0.6024096
3011,1754379724,0.2513826
3012,1754379725,1.1033099
3013,1754379726,0.15067809999999998
3014,1754379727,0.6526103999999999
3015,1754379728,0.1005025
3016,1754379729,1.0542169
3017,1754379730,3.61991
3018,1754379731,0.6024096
3019,1754379732,0.100452
3020,1754379733,1.1546185
3021,1754379734,0.050226
3022,1754379735,0.5524861999999999
3023,1754379736,0.2515091
3024,1754379737,1.6145307999999998
3025,1754379738,0.45317219999999997
3026,1754379739,0.7031642
3027,1754379740,0.1005025
3028,1754379741,5.633803
3029,1754379742,0.201005
3030,1754379743,0.5522087999999999
3031,1754379744,0.453629
3032,1754379745,1.7145739999999998
3033,1754379746,0.7575757999999999
3034,1754379747,1.1083123
3035,1754379748,0.9058883
3036,1754379749,1.5601409
3037,1754379750,0.9049773999999999
3038,1754379751,1.6616314
3039,1754379752,2.217742
3040,1754379753,1.0045203
3041,1754379754,1.1581067
3042,1754379755,1.3581489
3043,1754379756,2.871537
3044,1754379757,0.45248869999999997
3045,1754379758,3.838384
3046,1754379759,5.471125
3047,1754379760,5.524582
3048,1754379761,1.6177958000000001
3049,1754379762,0.8564231999999999
3050,1754379763,1.5113349999999999
3051,1754379764,1.2048193
3052,1754379765,0.45248869999999997
3053,1754379766,0.7549068999999999
3054,1754379767,0.2512563
3055,1754379768,1.4616935
3056,1754379769,0.5533199
3057,1754379770,0.6535947999999999
3058,1754379771,0.20070249999999998
3059,1754379772,1.2575452999999999
3060,1754379773,0.15067809999999998
3061,1754379774,1.1071968
3062,1754379775,0.4024145
3063,1754379776,1.6153458
3064,1754379777,0.3015075
3065,1754379778,0.7526341999999999
3066,1754379779,0.4018081
3067,1754379780,1.710262
3068,1754379781,0.3521127
3069,1754379782,1.0568697
3070,1754379783,5.199394
3071,1754379784,5.962607
3072,1754379785,1.1598588
3073,1754379786,0.5037783
3074,1754379787,1.765003
3075,1754379788,1.5151515
3076,1754379789,0.9058883
3077,1754379790,0.8076728999999999
3078,1754379791,1.3595166
3079,1754379792,1.916288
3080,1754379793,1.056338
3081,1754379794,2.479757
3082,1754379795,6.822811
3083,1754379796,7.938931
3084,1754379797,4.515474
3085,1754379798,8.810127
3086,1754379799,4.964539
3087,1754379800,1.5143867
3088,1754379801,0.8534136999999999
3089,1754379802,0.3018109
3090,1754379803,1.0552764
3091,1754379804,0.15082959999999998
3092,1754379805,0.8559918999999999
3093,1754379806,0.1505268
3094,1754379807,1.4091595
3095,1754379808,0.3517588
3096,1754379809,0.8040201
3097,1754379810,0.1003512
3098,1754379811,1.2588116999999999
3099,1754379812,0.1003512
3100,1754379813,0.7031642
3101,1754379814,1.256913
3102,1754379815,0.45271629999999996
3103,1754379816,1.010101
3104,1754379817,0.6535947999999999
3105,1754379818,3.1218529999999998
3106,1754379819,0.7575757999999999
3107,1754379820,1.1586902000000001
3108,1754379821,0.0502008
3109,1754379822,1.0547464
3110,1754379823,0.201005
3111,1754379824,0.6039255
3112,1754379825,0.100452
3113,1754379826,2.763819
3114,1754379827,1.0035123
3115,1754379828,0.7038713
3116,1754379829,3.028773
3117,1754379830,1.6624685000000001
3118,1754379831,0.7056452
3119,1754379832,3.666499
3120,1754379833,0.100452
3121,1754379834,1.1066398
3122,1754379835,0.2006018
3123,1754379836,0.5527638
3124,1754379837,0.050226
3125,1754379838,1.0552764
3126,1754379839,0.1507538
3127,1754379840,0.6526103999999999
3128,1754379841,0.2009041
3129,1754379842,1.0547464
3130,1754379843,0.1003512
3131,1754379844,0.7042254
3132,1754379845,1.0547464
3133,1754379846,0.3517588
3134,1754379847,0.6027121999999999
3135,1754379848,0.2014099
3136,1754379849,3.279516
3137,1754379850,0.5538771
3138,1754379851,2.831143
3139,1754379852,1.0106114
3140,1754379853,1.810865
3141,1754379854,0.5544355
3142,1754379855,1.0568697
3143,1754379856,0.251004
3144,1754379857,1.5113349999999999
3145,1754379858,0.4028197
3146,1754379859,3.690597
3147,1754379860,0.402617
3148,1754379861,2.668681
3149,1754379862,0.25113009999999997
3150,1754379863,1.6649848999999999
3151,1754379864,0.9591116
3152,1754379865,2.9813039999999997
3153,1754379866,2.424242
3154,1754379867,1.8191009999999999
3155,1754379868,0.8064515999999999
3156,1754379869,2.115869
3157,1754379870,2.326758
3158,1754379871,2.828283
3159,1754379872,3.292806
3160,1754379873,1.5625
3161,1754379874,1.5143867
3162,1754379875,4.101266
3163,1754379876,3.036437
3164,1754379877,7.64526
3165,1754379878,12.302999
3166,1754379879,0.7556674999999999
3167,1754379880,1.1581067
3168,1754379881,0.7035176
3169,1754379882,1.4661274
3170,1754379883,1.919192
3171,1754379884,4.644119
3172,1754379885,1.6683519
3173,1754379886,1.76857
3174,1754379887,4.552352
3175,1754379888,1.921132
3176,1754379889,1.3643254
3177,1754379890,2.525253
3178,1754379891,7.758621
3179,1754379892,2.521432
3180,1754379893,0.2013085
3181,1754379894,0.6535947999999999
3182,1754379895,0.4018081
3183,1754379896,1.1071968
3184,1754379897,0.1004016
3185,1754379898,0.6024096
3186,1754379899,0.15067809999999998
3187,1754379900,1.4639071
3188,1754379901,0.5535983999999999
3189,1754379902,0.7042254
3190,1754379903,0.9600808
3191,1754379904,1.868687
3192,1754379905,0.908632
3193,1754379906,4.959514
3194,1754379907,1.8715229999999998
3195,1754379908,0.6048387
3196,1754379909,0.9581442
3197,1754379910,0.5555555999999999
3198,1754379911,1.5136226
3199,1754379912,0.3521127
3200,1754379913,1.1610298000000001
3201,1754379914,0.40221219999999996
3202,1754379915,2.224469
3203,1754379916,1.1071968
3204,1754379917,1.862104
3205,1754379918,0.1507538
3206,1754379919,1.3574661
3207,1754379920,0.0502513
3208,1754379921,0.6529382
3209,1754379922,0.201005
3210,1754379923,1.1044177
3211,1754379924,0.1005025
3212,1754379925,0.6529382
3213,1754379926,0.10055299999999999
3214,1754379927,1.0542169
3215,1754379928,0.1005025
3216,1754379929,0.6021074
3217,1754379930,0.100452
3218,1754379931,1.0547464
3219,1754379932,0.20070249999999998
3220,1754379933,0.8534136999999999
3221,1754379934,0.4024145
3222,1754379935,1.1049724
3223,1754379936,0.2009041
3224,1754379937,0.5522087999999999
3225,1754379938,1.764113
3226,1754379939,0.2009041
3227,1754379940,0.5527638
3228,1754379941,0.1506024
3229,1754379942,1.0552764
3230,1754379943,0.1506024
3231,1754379944,1.1622031
3232,1754379945,2.325581
3233,1754379946,2.066532
3234,1754379947,0.5035246999999999
3235,1754379948,0.6529382
3236,1754379949,0.6036216999999999
3237,1754379950,1.3595166
3238,1754379951,4.598282
3239,1754379952,3.286148
3240,1754379953,0.7552869999999999
3241,1754379954,1.3581489
3242,1754379955,6.2437059999999995
3243,1754379956,15.781487
3244,1754379957,6.78481
3245,1754379958,5.065856
3246,1754379959,1.5136226
3247,1754379960,1.820941
3248,1754379961,2.016129
3249,1754379962,4.84115
3250,1754379963,1.108871
3251,1754379964,5.709955
3252,1754379965,4.086781
3253,1754379966,10.383065
3254,1754379967,7.377463
3255,1754379968,6.454866
3256,1754379969,6.313131
3257,1754379970,7.463439
3258,1754379971,6.535948
3259,1754379972,6.360424
3260,1754379973,8.653846
3261,1754379974,11.785534
3262,1754379975,8.165323
3263,1754379976,4.912281
3264,1754379977,5.982906
3265,1754379978,1.861167
3266,1754379979,1.86586
3267,1754379980,1.3111447
3268,1754379981,5.594758
3269,1754379982,15.361294000000001
3270,1754379983,33.82278
3271,1754379984,36.65796
3272,1754379985,38.54864
3273,1754379986,39.7449
3274,1754379987,36.15702
3275,1754379988,40.63136
3276,1754379989,41.08607
3277,1754379990,46.93671
3278,1754379991,42.24049
3279,1754379992,41.79487
3280,1754379993,43.5674
3281,1754379994,42.31751
3282,1754379995,42.51282
3283,1754379996,39.98979
3284,1754379997,44.38776
3285,1754379998,34.39099
3286,1754379999,7.196779
3287,1754380000,6.643181
3288,1754380001,5.686965
3289,1754380002,5.226131
3290,1754380003,5.823293
3291,1754380004,5.432596
3292,1754380005,6.93119
3293,1754380006,5.709955
3294,1754380007,8.700051
3295,1754380008,6.713781
3296,1754380009,7.413011
3297,1754380010,6.180344
3298,1754380011,8.911392
3299,1754380012,6.690319
3300,1754380013,7.489879
3301,1754380014,6.500762
3302,1754380015,6.693712
3303,1754380016,6.548223
3304,1754380017,7.864028
3305,1754380018,6.440162
3306,1754380019,7.055838
3307,1754380020,6.893056
3308,1754380021,4.891578
3309,1754380022,4.689864
3310,1754380023,5.249874
3311,1754380024,5.035247
3312,1754380025,3.815261
3313,1754380026,0.7049345
3314,1754380027,1.965726
3315,1754380028,4.49268
3316,1754380029,3.9798489999999997
3317,1754380030,0.4028197
3318,1754380031,1.4141414
3319,1754380032,0.5037783
3320,1754380033,5.395865
3321,1754380034,6.221548
3322,1754380035,6.6835439999999995
3323,1754380036,6.319515
3324,1754380037,7.0273
3325,1754380038,5.6508579999999995
3326,1754380039,6.33553
3327,1754380040,5.686965
3328,1754380041,12.032356
3329,1754380042,6.174089
3330,1754380043,11.472081
3331,1754380044,7.175573
3332,1754380045,7.132018
3333,1754380046,5.709955
3334,1754380047,8.084891
3335,1754380048,6.852792
3336,1754380049,6.947262
3337,1754380050,5.7041900000000005
3338,1754380051,4.605263
3339,1754380052,2.025316
3340,1754380053,16.767677
3341,1754380054,10.768453
3342,1754380055,9.398686
3343,1754380056,15.704153999999999
3344,1754380057,7.8361979999999996
3345,1754380058,5.292339
3346,1754380059,6.929691
3347,1754380060,2.781993
3348,1754380061,2.735562
3349,1754380062,1.867744
3350,1754380063,3.235592
3351,1754380064,1.160444
3352,1754380065,1.3118063
3353,1754380066,2.066532
3354,1754380067,1.412002
3355,1754380068,3.483089
3356,1754380069,8.737373999999999
3357,1754380070,10.587639
3358,1754380071,18.82887
3359,1754380072,21.9797
3360,1754380073,14.835443
3361,1754380074,15.85613
3362,1754380075,5.852674
3363,1754380076,6.363636
3364,1754380077,8.862034
3365,1754380078,22.09302
3366,1754380079,4.358844
3367,1754380080,10.82996
3368,1754380081,1.4646465
3369,1754380082,5.042864
3370,1754380083,2.987342
3371,1754380084,3.632694
3372,1754380085,3.834511
3373,1754380086,1.6137166
3374,1754380087,5.488419
3375,1754380088,3.8849650000000002
3376,1754380089,7.738998
3377,1754380090,10.496957
3378,1754380091,11.099848
3379,1754380092,6.464646
3380,1754380093,13.34348
3381,1754380094,14.118842
3382,1754380095,1.6129031999999999
3383,1754380096,7.407407
3384,1754380097,1.922104
3385,1754380098,5.757576
3386,1754380099,2.527806
3387,1754380100,7.957425
3388,1754380101,18.48485
3389,1754380102,9.518987
3390,1754380103,6.886076
3391,1754380104,8.320649
3392,1754380105,3.787879
3393,1754380106,4.69223
3394,1754380107,0.7556674999999999
3395,1754380108,2.828283
3396,1754380109,2.67812
3397,1754380110,6.129686
3398,1754380111,1.77305
3399,1754380112,2.423019
3400,1754380113,2.366566
3401,1754380114,4.238143
3402,1754380115,1.4112903
3403,1754380116,2.6727179999999997
3404,1754380117,1.056338
3405,1754380118,3.132895
3406,1754380119,3.547897
3407,1754380120,7.991907
3408,1754380121,1.5128593000000001
3409,1754380122,3.237228
3410,1754380123,1.1116726
3411,1754380124,7.704004
3412,1754380125,1.82002
3413,1754380126,5.757576
3414,1754380127,3.935419
3415,1754380128,7.890744
3416,1754380129,7.603223
3417,1754380130,6.360424
3418,1754380131,6.004036
3419,1754380132,4.494949
3420,1754380133,1.914358
3421,1754380134,4.393939
3422,1754380135,0.6565656999999999
3423,1754380136,3.377016
3424,1754380137,0.5538771
3425,1754380138,1.9133939999999998
3426,1754380139,8.682484
3427,1754380140,4.84115
3428,1754380141,4.3390509999999995
3429,1754380142,4.040404
3430,1754380143,7.618567
3431,1754380144,7.858942
3432,1754380145,9.444444
3433,1754380146,9.788093
3434,1754380147,6.246851
3435,1754380148,6.21526
3436,1754380149,5.093293
3437,1754380150,6.565657
3438,1754380151,4.433249
3439,1754380152,1.5090542999999998
3440,1754380153,1.0060362
3441,1754380154,2.522704
3442,1754380155,3.538928
3443,1754380156,2.4710039999999998
3444,1754380157,2.166247
3445,1754380158,0.5552751
3446,1754380159,1.209068
3447,1754380160,0.5040323
3448,1754380161,1.716305
3449,1754380162,3.987885
3450,1754380163,1.919192
3451,1754380164,0.9576612999999999
3452,1754380165,4.042446
3453,1754380166,0.6048387
3454,1754380167,1.2600806
3455,1754380168,0.6051437
3456,1754380169,1.8639800000000002
3457,1754380170,0.5544355
3458,1754380171,1.2588116999999999
3459,1754380172,0.5552751
3460,1754380173,1.814516
3461,1754380174,0.4024145
3462,1754380175,0.9040682999999999
3463,1754380176,0.402617
3464,1754380177,1.1557789
3465,1754380178,0.3018109
3466,1754380179,0.6024096
3467,1754380180,0.2008032
3468,1754380181,1.2048193
3469,1754380182,0.1506024
3470,1754380183,1.1049724
3471,1754380184,0.15067809999999998
3472,1754380185,3.06841
3473,1754380186,0.8564231999999999
3474,1754380187,0.4515805
3475,1754380188,1.0552764
3476,1754380189,0.3515821
3477,1754380190,0.5522087999999999
3478,1754380191,1.1546185
3479,1754380192,0.3514056
3480,1754380193,0.5524861999999999
3481,1754380194,1.3058764
3482,1754380195,6.196474
3483,1754380196,1.0050251
3484,1754380197,0.1003512
3485,1754380198,1.2562814
3486,1754380199,0.1506024
3487,1754380200,0.804829
3488,1754380201,0.1506024
3489,1754380202,1.1060835
3490,1754380203,0.15045139999999999
3491,1754380204,0.7545272
3492,1754380205,0.15067809999999998
3493,1754380206,1.2072435
3494,1754380207,0.2008032
3495,1754380208,0.6024096
3496,1754380209,0.100452
3497,1754380210,1.15636
3498,1754380211,0.1003009
3499,1754380212,0.45248869999999997
3500,1754380213,0.2008032
3501,1754380214,1.2066365000000001
3502,1754380215,1.811777
3503,1754380216,1.2102874
3504,1754380217,0.35122929999999997
3505,1754380218,1.0558069
3506,1754380219,0.5519318
3507,1754380220,0.3514056
3508,1754380221,1.1049724
3509,1754380222,0.4016064
3510,1754380223,0.7024585999999999
3511,1754380224,0.2513826
3512,1754380225,1.961771
3513,1754380226,1.9133939999999998
3514,1754380227,0.6526103999999999
3515,1754380228,0.2512563
3516,1754380229,1.2562814
3517,1754380230,0.15082959999999998
3518,1754380231,0.7537688
3519,1754380232,1.5067805
3520,1754380233,1.3058764
3521,1754380234,0.4520342
3522,1754380235,0.6526103999999999
3523,1754380236,0.4024145
3524,1754380237,1.2066365000000001
3525,1754380238,0.1003009
3526,1754380239,0.6532663
3527,1754380240,0.8534136999999999
3528,1754380241,2.112676
3529,1754380242,0.1004016
3530,1754380243,0.9054325999999999
3531,1754380244,0.15045139999999999
3532,1754380245,1.860231
3533,1754380246,1.5656566
3534,1754380247,1.108871
3535,1754380248,3.32829
3536,1754380249,3.277862
3537,1754380250,7.153652
3538,1754380251,6.319515
3539,1754380252,7.291139
3540,1754380253,6.861756
3541,1754380254,5.241935
3542,1754380255,10.337872
3543,1754380256,8.805668
3544,1754380257,10.851927
3545,1754380258,8.337544
3546,1754380259,5.757576
3547,1754380260,7.8361979999999996
3548,1754380261,5.4545449999999995
3549,1754380262,0.7545272
3550,1754380263,0.1505268
3551,1754380264,10.339584
3552,1754380265,6.316321
3553,1754380266,2.930773
3554,1754380267,0.7583418
3555,1754380268,2.373737
3556,1754380269,2.2211
3557,1754380270,3.185035
3558,1754380271,3.947368
3559,1754380272,2.826855
3560,1754380273,5.921053
3561,1754380274,5.311077
3562,1754380275,2.679474
3563,1754380276,3.690597
3564,1754380277,1.769464
3565,1754380278,6.370071
3566,1754380279,3.838384
3567,1754380280,2.717665
3568,1754380281,4.69223
3569,1754380282,5.659424
3570,1754380283,3.077699
3571,1754380284,6.666667
3572,1754380285,2.875883
3573,1754380286,8.054711
3574,1754380287,4.761905
3575,1754380288,3.8849650000000002
3576,1754380289,2.320888
3577,1754380290,3.681291
3578,1754380291,6.104945
3579,1754380292,8.097166
3580,1754380293,17.6888
3581,1754380294,20.71753
3582,1754380295,9.242424
3583,1754380296,2.734177
3584,1754380297,2.467271
3585,1754380298,5.754669
3586,1754380299,2.924861
3587,1754380300,15.20202
3588,1754380301,4.65587
3589,1754380302,3.690597
3590,1754380303,7.696203
3591,1754380304,3.486609
3592,1754380305,2.620968
3593,1754380306,2.223345
3594,1754380307,5.111336
3595,1754380308,2.224469
3596,1754380309,5.265823
3597,1754380310,2.8254289999999997
3598,1754380311,5.350833
3599,1754380312,6.619505
