timestamp,value
2025-09-09 02:56:07,13.4211914
2025-09-09 03:36:26,3.2514764
2025-09-09 04:16:45,2.6759773
2025-09-09 04:57:04,10.4572187
2025-09-09 05:37:23,149.5676695
2025-09-09 06:17:42,18.5775569
2025-09-09 06:58:01,7.727465
2025-09-09 07:38:20,8.3134278
2025-09-09 08:18:39,7.8432934
2025-09-09 08:58:58,20.2023917
2025-09-09 09:39:17,7.8160729
2025-09-09 10:19:36,95.1565791
2025-09-09 10:59:55,661.5310687
2025-09-09 11:40:14,1104.3279514
2025-09-09 12:20:33,500.2519874
2025-09-09 13:00:52,429.3658424
2025-09-09 13:41:11,434.4761163
2025-09-09 14:21:30,660.432631
2025-09-09 15:01:49,284.2566826
2025-09-09 15:42:08,651.7306587
2025-09-09 16:22:27,775.4460912
2025-09-09 17:02:46,277.2521126
2025-09-09 17:43:05,348.4461007
2025-09-09 18:23:24,368.3790264
2025-09-09 19:03:43,979.2050505
2025-09-09 19:44:02,13.7592553
2025-09-09 20:24:21,3.7175882
2025-09-09 21:04:40,13.6517512
2025-09-09 21:44:59,2.7010675
2025-09-09 22:25:18,3.3854393
2025-09-09 23:05:37,2.7639574
2025-09-09 23:45:56,156.7150717
2025-09-10 00:26:15,2.6972273
2025-09-10 01:06:34,2.7906546
2025-09-10 01:46:53,3.1715351
2025-09-10 02:27:12,2.4570412
2025-09-10 03:07:31,2.4762182
2025-09-10 03:47:50,4.1869748
2025-09-10 04:28:09,7.7644463
2025-09-10 05:08:28,6.9777102
2025-09-10 05:48:47,19.5691816
2025-09-10 06:29:06,190.4300412
2025-09-10 07:09:25,949.6592778
2025-09-10 07:49:44,1080.643547
2025-09-10 08:30:03,16.2854553
2025-09-10 09:10:22,7.6177001
2025-09-10 09:50:41,111.973283
2025-09-10 10:31:00,323.8395108
2025-09-10 11:11:19,1623.935341
2025-09-10 11:51:38,8.0095228
2025-09-10 12:31:57,8.1070415
2025-09-10 13:12:16,8.4276615
2025-09-10 13:52:35,9.0133171
2025-09-10 14:32:54,33.7184625
2025-09-10 15:13:13,7.5540108
2025-09-10 15:53:32,6.4582916
2025-09-10 16:33:51,6.4531836
2025-09-10 17:14:10,6.4674863
2025-09-10 17:54:29,6.108044
2025-09-10 18:34:48,35.2210767
2025-09-10 19:15:07,792.0101594
2025-09-10 19:55:26,742.4843314
2025-09-10 20:35:45,2.5100406
2025-09-10 21:16:04,2.5130776
2025-09-10 21:56:23,2.5452335
2025-09-10 22:36:42,2.374199
2025-09-10 23:17:01,2.3778823
2025-09-10 23:57:20,2.3186326
2025-09-11 00:37:39,2.3488956
2025-09-11 01:17:58,2.2571003
2025-09-11 01:58:17,2.3037355
2025-09-11 02:38:36,2.0326284
2025-09-11 03:18:55,2.1874144
2025-09-11 03:59:14,4.3325156
2025-09-11 04:39:33,200.0615026
2025-09-11 05:19:52,42.1326203
2025-09-11 06:00:11,2629.2403792
2025-09-11 06:40:30,912.1587851
2025-09-11 07:20:49,142.4177743
2025-09-11 08:01:08,8.0683368
2025-09-11 08:41:27,7.7118322
2025-09-11 09:21:46,528.0967032
2025-09-11 10:02:05,973.2187284
2025-09-11 10:42:24,673.9665652
2025-09-11 11:22:43,338.0381855
2025-09-11 12:03:02,412.8730492
2025-09-11 12:43:21,1460.9407777
2025-09-11 13:23:40,1397.4313726
2025-09-11 14:03:59,292.7077811
2025-09-11 14:44:18,2626.5739526
2025-09-11 15:24:37,1568.777801
2025-09-11 16:04:56,7.1349996
2025-09-11 16:45:15,51.19568
2025-09-11 17:25:34,493.9740138
2025-09-11 18:05:53,111.3918887
2025-09-11 18:46:12,12.1406258
2025-09-11 19:26:31,5.4824837
2025-09-11 20:06:50,3.4831615
2025-09-11 20:47:09,65.1055773
2025-09-11 21:27:28,5.0093569
2025-09-11 22:07:47,2.8750516
2025-09-11 22:48:06,3.5121207
2025-09-11 23:28:25,3.0016204
2025-09-12 00:08:44,2.8079843
2025-09-12 00:49:03,18.0628121
2025-09-12 01:29:22,2.9011421
2025-09-12 02:09:41,2.7885583
2025-09-12 02:50:00,3.4040779
2025-09-12 03:30:19,2.7382383
2025-09-12 04:10:38,2.9062094
2025-09-12 04:50:57,13.6862288
2025-09-12 05:31:16,64.9303503
2025-09-12 06:11:35,2878.7988424
2025-09-12 06:51:54,1160.5859603
2025-09-12 07:32:13,471.8644785
2025-09-12 08:12:32,840.1530337
2025-09-12 08:52:51,7.7445779
2025-09-12 09:33:10,8.8869398
2025-09-12 10:13:29,64.8691262
2025-09-12 10:53:48,97.674656
2025-09-12 11:34:07,9.1339479
2025-09-12 12:14:26,9.1238284
2025-09-12 12:54:45,1114.6579648
2025-09-12 13:35:04,53.3385895
2025-09-12 14:15:23,13.4549952
2025-09-12 14:55:42,86.3398751
2025-09-12 15:36:01,1578.9239018
2025-09-12 16:16:20,79.4628703
2025-09-12 16:56:39,24.3166091
2025-09-12 17:36:58,16.3493804
2025-09-12 18:17:17,460.8068569
2025-09-12 18:57:36,912.2151299
2025-09-12 19:37:55,411.8549542
2025-09-12 20:18:14,4.5194954
2025-09-12 20:58:33,2.7264711
2025-09-12 21:38:52,2.7481221
2025-09-12 22:19:11,17.6511349
2025-09-12 22:59:30,31.953879
2025-09-12 23:39:49,289.8715933
2025-09-13 00:20:08,3.6526373
2025-09-13 01:00:27,3.4461792
2025-09-13 01:40:46,2.5478548
2025-09-13 02:21:05,3.1680363
2025-09-13 03:01:24,2.6187745
2025-09-13 03:41:43,6.5224652
2025-09-13 04:22:02,4.4900473
2025-09-13 05:02:21,7.121668
2025-09-13 05:42:40,15.4669405
2025-09-13 06:22:59,57.7992308
2025-09-13 07:03:18,187.9128972
2025-09-13 07:43:37,7.6259802
2025-09-13 08:23:56,7.8257448
2025-09-13 09:04:15,8.3425586
2025-09-13 09:44:34,7.5355614
2025-09-13 10:24:53,6.9816531
2025-09-13 11:05:12,7.4180762
2025-09-13 11:45:31,24.4461751
2025-09-13 12:25:50,6.9008094
2025-09-13 13:06:09,7.4870832
2025-09-13 13:46:28,6.9468525
2025-09-13 14:26:47,7.3331835
2025-09-13 15:07:06,7.5711345
2025-09-13 15:47:25,7.1177388
2025-09-13 16:27:44,7.1276457
2025-09-13 17:08:03,7.8573584
2025-09-13 17:48:22,13.8829966
2025-09-13 18:28:41,7.1056974
2025-09-13 19:09:00,5.8932603
2025-09-13 19:49:19,2.3724408
2025-09-13 20:29:38,3.321031
2025-09-13 21:09:57,2.4459449
2025-09-13 21:50:16,2.3676996
2025-09-13 22:30:35,3.033077
2025-09-13 23:10:54,2.4809573
2025-09-13 23:51:13,15.7273746
2025-09-14 00:31:32,3.1190406
2025-09-14 01:11:51,2.5214508
2025-09-14 01:52:10,2.4584607
2025-09-14 02:32:29,3.137525
2025-09-14 03:12:48,2.4722422
2025-09-14 03:53:07,2.9830616
2025-09-14 04:33:26,7.9902927
2025-09-14 05:13:45,6.333445
2025-09-14 05:54:04,15.8715262
2025-09-14 06:34:23,7.4624582
2025-09-14 07:14:42,6.9549687
2025-09-14 07:55:01,6.2694017
2025-09-14 08:35:20,7.1416025
2025-09-14 09:15:39,7.0389085
2025-09-14 09:55:58,7.3028058
2025-09-14 10:36:17,7.1751812
2025-09-14 11:16:36,6.8717711
2025-09-14 11:56:55,30.0893519
2025-09-14 12:37:14,2540.4365389
2025-09-14 13:17:33,2049.5754391
2025-09-14 13:57:52,213.1702716
2025-09-14 14:38:11,176.2938716
2025-09-14 15:18:30,228.4757924
2025-09-14 15:58:49,13.474408
2025-09-14 16:39:08,154.4727714
2025-09-14 17:19:27,40.0491526
2025-09-14 17:59:46,24.6311505
2025-09-14 18:40:05,7.4568044
2025-09-14 19:20:24,4.7383519
2025-09-14 20:00:43,2.5300021
2025-09-14 20:41:02,57.9432523
2025-09-14 21:21:21,2.9751626
2025-09-14 22:01:40,3.2291015
2025-09-14 22:41:59,2.4586558
2025-09-14 23:22:18,2.5660346
2025-09-15 00:02:37,34.137713
2025-09-15 00:42:56,2.4846096
2025-09-15 01:23:15,2.7310553
2025-09-15 02:03:34,3.152682
2025-09-15 02:43:53,2.5544235
2025-09-15 03:24:12,2.590313
2025-09-15 04:04:31,4.5849496
2025-09-15 04:44:50,9.5235139
2025-09-15 05:25:09,20.4262936
2025-09-15 06:05:28,31.3580939
2025-09-15 06:45:47,6.2910622
2025-09-15 07:26:06,5.6852216
2025-09-15 08:06:25,6.2315095
2025-09-15 08:46:44,5.6635569
2025-09-15 09:27:03,6.7043725
2025-09-15 10:07:22,1223.434037
2025-09-15 10:47:41,1481.8612898
2025-09-15 11:28:00,7.664813
2025-09-15 12:08:19,6.9920977
2025-09-15 12:48:38,6.4684272
2025-09-15 13:28:57,6.4521047
2025-09-15 14:09:16,6.5073448
2025-09-15 14:49:35,6.4858756
2025-09-15 15:29:54,5.9161488
2025-09-15 16:10:13,6.5072521
2025-09-15 16:50:32,6.5140465
2025-09-15 17:30:51,6.4717028
2025-09-15 18:11:10,6.5072454
2025-09-15 18:51:29,6.2313415
2025-09-15 19:31:48,1109.3985021
2025-09-15 20:12:07,2.7225031
2025-09-15 20:52:26,2.1784778
2025-09-15 21:32:45,2.085214
2025-09-15 22:13:04,2.0943583
2025-09-15 22:53:23,2.2228241
2025-09-15 23:33:42,2.0978554
2025-09-16 00:14:01,2.1333405
2025-09-16 00:54:20,2.1406685
2025-09-16 01:34:39,2.231066
2025-09-16 02:14:58,1.9031872
2025-09-16 02:55:17,1.840495
2025-09-16 03:35:36,1.7423954
2025-09-16 04:15:55,1.8195404
2025-09-16 04:56:14,65.7575733
2025-09-16 05:36:33,35.8386762
2025-09-16 06:16:52,1047.1377002
2025-09-16 06:57:11,926.1040344
2025-09-16 07:37:30,240.3050017
2025-09-16 08:17:49,8.9267094
2025-09-16 08:58:08,17.7815296
2025-09-16 09:38:27,14.1272554
2025-09-16 10:18:46,14.9489151
2025-09-16 10:59:05,1554.7467858
2025-09-16 11:39:24,2523.9931851
2025-09-16 12:19:43,17.0614218
2025-09-16 13:00:02,13.2683409
2025-09-16 13:40:21,13.6252022
2025-09-16 14:20:40,15.4233249
2025-09-16 15:00:59,10.0403887
2025-09-16 15:41:18,7.3289875
2025-09-16 16:21:37,6.62558
2025-09-16 17:01:56,12.7294542
2025-09-16 17:42:15,16.1370279
2025-09-16 18:22:34,20.3609148
2025-09-16 19:02:53,132.7765303
2025-09-16 19:43:12,70.9267259
2025-09-16 20:23:31,461.0781479
2025-09-16 21:03:50,92.0712185
2025-09-16 21:44:09,2.0481047
2025-09-16 22:24:28,2.1130688
2025-09-16 23:04:47,2.138245
2025-09-16 23:45:06,2.1187289
2025-09-17 00:25:25,2.1430805
2025-09-17 01:05:44,2.4145485
2025-09-17 01:46:03,3.4876266
2025-09-17 02:26:22,1.6854003
2025-09-17 03:06:41,1.8590115
2025-09-17 03:47:00,9.1414842
2025-09-17 04:27:19,4.0378538
2025-09-17 05:07:38,395.1635582
2025-09-17 05:47:57,104.3934025
2025-09-17 06:28:16,12.648665
2025-09-17 07:08:35,13.0425967
2025-09-17 07:48:54,12.5410237
2025-09-17 08:29:13,13.5203921
2025-09-17 09:09:32,13.1106684
2025-09-17 09:49:51,12.7568153
2025-09-17 10:30:10,287.8584901
2025-09-17 11:10:29,2791.6903858
2025-09-17 11:50:48,6339.9944805
2025-09-17 12:31:07,3268.6378253
2025-09-17 13:11:26,5.2468405
2025-09-17 13:51:45,6.3607303
2025-09-17 14:32:04,5.9411641
2025-09-17 15:12:23,5.9817371
2025-09-17 15:52:42,6.1174793
2025-09-17 16:33:01,5.9830722
2025-09-17 17:13:20,6.5088544
2025-09-17 17:53:39,5.8165979
2025-09-17 18:33:58,6.4856424
2025-09-17 19:14:17,4.8894368
2025-09-17 19:54:36,2.0752974
2025-09-17 20:34:55,2.067966
2025-09-17 21:15:14,169.5849493
2025-09-17 21:55:33,15.3699487
2025-09-17 22:35:52,2.1363691
2025-09-17 23:16:11,2.2391058
2025-09-17 23:56:30,2.2062047
2025-09-18 00:36:49,2.0891584
2025-09-18 01:17:08,2.2216507
2025-09-18 01:57:27,2.1753826
2025-09-18 02:37:46,2.1166582
2025-09-18 03:18:05,2.1437567
2025-09-18 03:58:24,7.2378924
2025-09-18 04:38:43,4.5153584
2025-09-18 05:19:02,158.0378021
2025-09-18 05:59:21,9.5206844
2025-09-18 06:39:40,13.0333128
2025-09-18 07:19:59,12.6384238
2025-09-18 08:00:18,12.9023866
2025-09-18 08:40:37,13.3809412
2025-09-18 09:20:56,12.542369
2025-09-18 10:01:15,12.3699819
2025-09-18 10:41:34,12.5136462
2025-09-18 11:21:53,238.4899629
2025-09-18 12:02:12,2027.3189057
2025-09-18 12:42:31,932.9563205
2025-09-18 13:22:50,16.3869141
2025-09-18 14:03:09,15.1544297
2025-09-18 14:43:28,15.8255228
2025-09-18 15:23:47,10.51793
2025-09-18 16:04:06,13.5622748
2025-09-18 16:44:25,16.0472749
2025-09-18 17:24:44,14.4626016
2025-09-18 18:05:03,1012.5006344
2025-09-18 18:45:22,4452.414981
2025-09-18 19:25:41,5193.3965337
2025-09-18 20:06:00,4.6664068
2025-09-18 20:46:19,3.4048029
2025-09-18 21:26:38,8.9158937
2025-09-18 22:06:57,3.6654323
2025-09-18 22:47:16,2.8363081
2025-09-18 23:27:35,2.8283225
2025-09-19 00:07:54,5.1498
2025-09-19 00:48:13,2.8119202
2025-09-19 01:28:32,507.3960824
2025-09-19 02:08:51,3.0056399
2025-09-19 02:49:10,2.7184133
2025-09-19 03:29:29,3.7867333
2025-09-19 04:09:48,8.473107
2025-09-19 04:50:07,4.7908856
2025-09-19 05:30:26,6.6741157
2025-09-19 06:10:45,15.2700942
2025-09-19 06:51:04,8.6283886
2025-09-19 07:31:23,13.0856917
2025-09-19 08:11:42,6.6171394
2025-09-19 08:52:01,9.7690345
2025-09-19 09:32:20,11.9839352
2025-09-19 10:12:39,11.1240823
2025-09-19 10:52:58,9.7175681
2025-09-19 11:33:17,11.1905854
2025-09-19 12:13:36,11.3201613
2025-09-19 12:53:55,11.2288187
2025-09-19 13:34:14,33.4285223
2025-09-19 14:14:33,11.7877404
2025-09-19 14:54:52,11.0634289
2025-09-19 15:35:11,12.2708818
2025-09-19 16:15:30,13.1983209
2025-09-19 16:55:49,47.7246198
2025-09-19 17:36:08,12.0321537
2025-09-19 18:16:27,12.465732
2025-09-19 18:56:46,12.5919486
2025-09-19 19:37:05,1190.2621539
2025-09-19 20:17:24,2066.7959794
2025-09-19 20:57:43,270.8377236
2025-09-19 21:38:02,2.3741966
2025-09-19 22:18:21,2.0971698
2025-09-19 22:58:40,2.0920943
2025-09-19 23:38:59,2.1274387
2025-09-20 00:19:18,2.0830208
2025-09-20 00:59:37,2.1186166
2025-09-20 01:39:56,2.2079064
2025-09-20 02:20:15,1.9235249
2025-09-20 03:00:34,1.8447437
2025-09-20 03:40:53,1.8516597
2025-09-20 04:21:12,9.7048623
2025-09-20 05:01:31,6.543558
2025-09-20 05:41:50,238.7268886
2025-09-20 06:22:09,7.4403943
2025-09-20 07:02:28,6.5871477
2025-09-20 07:42:47,6.4689704
2025-09-20 08:23:06,6.2303728
2025-09-20 09:03:25,5.8532913
2025-09-20 09:43:44,5.9507139
2025-09-20 10:24:03,6.2429013
2025-09-20 11:04:22,5.9036653
2025-09-20 11:44:41,5.8660605
2025-09-20 12:25:00,6.2476848
2025-09-20 13:05:19,6.1959527
2025-09-20 13:45:38,727.105876
2025-09-20 14:25:57,462.0242822
2025-09-20 15:06:16,689.3358252
2025-09-20 15:46:35,699.5022262
2025-09-20 16:26:54,1853.1169652
2025-09-20 17:07:13,782.8986714
2025-09-20 17:47:32,19.2772624
2025-09-20 18:27:51,8.327674
2025-09-20 19:08:10,4.993138
2025-09-20 19:48:29,1.7641437
2025-09-20 20:28:48,1.7795943
2025-09-20 21:09:07,452.6770952
2025-09-20 21:49:26,2.3804747
2025-09-20 22:29:45,1.9580231
2025-09-20 23:10:04,1.8717462
2025-09-20 23:50:23,1.8515886
2025-09-21 00:30:42,1.8793215
2025-09-21 01:11:01,1.8731796
2025-09-21 01:51:20,1.834054
2025-09-21 02:31:39,1.8615451
2025-09-21 03:11:58,2.0149882
2025-09-21 03:52:17,2.6595989
2025-09-21 04:32:36,117.7774978
2025-09-21 05:12:55,6.9906287
2025-09-21 05:53:14,6.2835797
2025-09-21 06:33:33,5.8718845
2025-09-21 07:13:52,5.8372017
2025-09-21 07:54:11,6.3229741
2025-09-21 08:34:30,6.1585449
2025-09-21 09:14:49,6.21852
2025-09-21 09:55:08,6.0373822
2025-09-21 10:35:27,6.2746663
2025-09-21 11:15:46,6.216952
2025-09-21 11:56:05,6.281552
2025-09-21 12:36:24,10.2373138
2025-09-21 13:16:43,971.2196441
2025-09-21 13:57:02,425.4942882
2025-09-21 14:37:21,1243.4464138
2025-09-21 15:17:40,152.3035624
2025-09-21 15:57:59,17.9564199
2025-09-21 16:38:18,6.2135161
2025-09-21 17:18:37,6.2097766
2025-09-21 17:58:56,6.2230553
2025-09-21 18:39:15,10.087381
2025-09-21 19:19:34,39.931683
2025-09-21 19:59:53,6751.5044855
2025-09-21 20:40:12,88.3788201
2025-09-21 21:20:31,986.142743
2025-09-21 22:00:50,1533.9232523
2025-09-21 22:41:09,1.7721115
2025-09-21 23:21:28,12.6516466
2025-09-22 00:01:47,1.8378372
2025-09-22 00:42:06,1.7856762
2025-09-22 01:22:25,1.8767621
2025-09-22 02:02:44,1.9057775
2025-09-22 02:43:03,1.8421028
2025-09-22 03:23:22,1.9204458
2025-09-22 04:03:41,2.1241671
2025-09-22 04:44:00,7.3915753
2025-09-22 05:24:19,2995.0016902
2025-09-22 06:04:38,2356.24292
2025-09-22 06:44:57,582.8008512
2025-09-22 07:25:16,87.630909
2025-09-22 08:05:35,13.043011
2025-09-22 08:45:54,20.5213049
2025-09-22 09:26:13,12.8026155
2025-09-22 10:06:32,12.7457796
2025-09-22 10:46:51,17.6873725
2025-09-22 11:27:10,1275.4121738
2025-09-22 12:07:29,13.054407
2025-09-22 12:47:48,12.6472679
2025-09-22 13:28:07,8.4742091
2025-09-22 14:08:26,6.3902131
2025-09-22 14:48:45,6.4088619
2025-09-22 15:29:04,6.4243805
2025-09-22 16:09:23,6.1013761
2025-09-22 16:49:42,6.05031
2025-09-22 17:30:01,6.144891
2025-09-22 18:10:20,6.0344646
2025-09-22 18:50:39,5.8093961
2025-09-22 19:30:58,3.0936744
2025-09-22 20:11:17,611.2233966
2025-09-22 20:51:36,2917.2081088
2025-09-22 21:31:55,2.718457
2025-09-22 22:12:14,2.3645215
2025-09-22 22:52:33,2.0676426
2025-09-22 23:32:52,2.1907414
2025-09-23 00:13:11,2.126142
2025-09-23 00:53:30,2.2380322
2025-09-23 01:33:49,2.2774138
2025-09-23 02:14:08,1.9267947
2025-09-23 02:54:27,1.9025983
2025-09-23 03:34:46,1.9189167
2025-09-23 04:15:05,1.8894037
2025-09-23 04:55:24,387.4254712
2025-09-23 05:35:43,1180.4378444
2025-09-23 06:16:02,6.8503336
2025-09-23 06:56:21,7.2974313
2025-09-23 07:36:40,743.323527
2025-09-23 08:16:59,85.6214312
2025-09-23 08:57:18,11.9195597
2025-09-23 09:37:37,13.1213339
2025-09-23 10:17:56,13.4287993
2025-09-23 10:58:15,807.0828041
2025-09-23 11:38:34,356.0846278
2025-09-23 12:18:53,290.409663
2025-09-23 12:59:12,6.4580972
2025-09-23 13:39:31,50.2196295
2025-09-23 14:19:50,7.2959181
2025-09-23 15:00:09,11.1818472
2025-09-23 15:40:28,12.1612361
2025-09-23 16:20:47,10.2770218
2025-09-23 17:01:06,1898.3603221
2025-09-23 17:41:25,650.2351371
2025-09-23 18:21:44,13.7419209
2025-09-23 19:02:03,12.3959379
2025-09-23 19:42:22,16.2961865
2025-09-23 20:22:41,2.7246513
2025-09-23 21:03:00,2.0952545
2025-09-23 21:43:19,2.0822783
2025-09-23 22:23:38,2.0871804
2025-09-23 23:03:57,2.1048301
2025-09-23 23:44:16,2.0232041
2025-09-24 00:24:35,2.1009805
2025-09-24 01:04:54,1.8448788
2025-09-24 01:45:13,1.8374556
2025-09-24 02:25:32,2.7853923
2025-09-24 03:05:51,1.8911879
2025-09-24 03:46:10,1.8975537
2025-09-24 04:26:29,79.3301824
2025-09-24 05:06:48,23.5277503
2025-09-24 05:47:07,14.6062129
2025-09-24 06:27:26,6.5953958
2025-09-24 07:07:45,6.9566783
2025-09-24 07:48:04,6.7078035
2025-09-24 08:28:23,6.6697491
2025-09-24 09:08:42,6.1935182
2025-09-24 09:49:01,7.1325182
2025-09-24 10:29:20,371.9092127
2025-09-24 11:09:39,297.8009562
2025-09-24 11:49:58,2276.4167287
2025-09-24 12:30:17,280.1800975
2025-09-24 13:10:36,1654.5558497
2025-09-24 13:50:55,392.9927055
2025-09-24 14:31:14,778.2126272
2025-09-24 15:11:33,2147.7659176
2025-09-24 15:51:52,384.3660879
2025-09-24 16:32:11,74.3327399
2025-09-24 17:12:30,1646.7910845
2025-09-24 17:52:49,3175.083183
2025-09-24 18:33:08,1180.9304847
2025-09-24 19:13:27,760.6916498
2025-09-24 19:53:46,3.8019367
2025-09-24 20:34:05,3.3378689
2025-09-24 21:14:24,2.2134453
2025-09-24 21:54:43,2.2507404
2025-09-24 22:35:02,2.3378706
2025-09-24 23:15:21,2.1917899
2025-09-24 23:55:40,2.2521824
2025-09-25 00:35:59,2.1794779
2025-09-25 01:16:18,2.5379459
2025-09-25 01:56:37,1.9270449
2025-09-25 02:36:56,1.8209266
2025-09-25 03:17:15,1.853636
2025-09-25 03:57:34,8.705176
2025-09-25 04:37:53,3.0246526
2025-09-25 05:18:12,6.3697669
2025-09-25 05:58:31,6.7044489
2025-09-25 06:38:50,353.1945205
2025-09-25 07:19:09,461.9205765
2025-09-25 07:59:28,306.335939
2025-09-25 08:39:47,116.4915481
2025-09-25 09:20:06,9.2961738
2025-09-25 10:00:25,10.7791597
2025-09-25 10:40:44,10.2644294
2025-09-25 11:21:03,10.5624796
2025-09-25 12:01:22,785.8165478
2025-09-25 12:41:41,150.1043458
2025-09-25 13:22:00,19.6999237
2025-09-25 14:02:19,810.0639874
2025-09-25 14:42:38,708.6369733
2025-09-25 15:22:57,13.2860496
2025-09-25 16:03:16,13.1272854
2025-09-25 16:43:35,13.0129685
2025-09-25 17:23:54,15.0559558
2025-09-25 18:04:13,12.7003364
2025-09-25 18:44:32,239.3841819
2025-09-25 19:24:51,40.5758333
2025-09-25 20:05:10,564.0222912
2025-09-25 20:45:29,2.6568715
2025-09-25 21:25:48,2.2249528
2025-09-25 22:06:07,2.1203793
2025-09-25 22:46:26,2.0702091
2025-09-25 23:26:45,2.1848551
2025-09-26 00:07:04,2.1613729
2025-09-26 00:47:23,2.1238745
2025-09-26 01:27:42,2.0959842
2025-09-26 02:08:01,2.204816
2025-09-26 02:48:20,2.3420915
2025-09-26 03:28:39,2.1471385
2025-09-26 04:08:58,318.0797258
2025-09-26 04:49:17,4.7917536
2025-09-26 05:29:36,720.4426947
2025-09-26 06:09:55,277.8290774
2025-09-26 06:50:14,6.9992531
2025-09-26 07:30:33,10.0793014
2025-09-26 08:10:52,14.3957143
2025-09-26 08:51:11,14.3676575
2025-09-26 09:31:30,14.7844978
2025-09-26 10:11:49,6867.2351716
2025-09-26 10:52:08,4463.7503207
2025-09-26 11:32:27,14.6510178
2025-09-26 12:12:46,15.1237622
2025-09-26 12:53:05,14.606334
2025-09-26 13:33:24,14.190995
2025-09-26 14:13:43,14.3096225
2025-09-26 14:54:02,14.5750308
2025-09-26 15:34:21,14.5483278
2025-09-26 16:14:40,14.7764281
2025-09-26 16:54:59,14.721704
2025-09-26 17:35:18,14.5528785
2025-09-26 18:15:37,13.0277691
2025-09-26 18:55:56,8664.9469394
2025-09-26 19:36:15,3.0033682
2025-09-26 20:16:34,2.4807625
2025-09-26 20:56:53,2.1408855
2025-09-26 21:37:12,2.0935993
2025-09-26 22:17:31,2.1840912
2025-09-26 22:57:50,2.1772804
2025-09-26 23:38:09,2.1544541
2025-09-27 00:18:28,2.1639161
2025-09-27 00:58:47,2.1601615
2025-09-27 01:39:06,2.1430946
2025-09-27 02:19:25,2.2313014
2025-09-27 02:59:44,2.3812825
2025-09-27 03:40:03,2.1398487
2025-09-27 04:20:22,17.6272892
2025-09-27 05:00:41,6.8530707
2025-09-27 05:41:00,6.4464085
2025-09-27 06:21:19,6.4582914
2025-09-27 07:01:38,6.4008091
2025-09-27 07:41:57,6.4209983
2025-09-27 08:22:16,6.3107021
2025-09-27 09:02:35,8.4697518
2025-09-27 09:42:54,7.304756
2025-09-27 10:23:13,7.2922648
2025-09-27 11:03:32,7.3750335
2025-09-27 11:43:51,7.3229687
2025-09-27 12:24:10,7.3247283
2025-09-27 13:04:29,7.4015149
2025-09-27 13:44:48,7.3329071
2025-09-27 14:25:07,2733.5095396
2025-09-27 15:05:26,1773.0911826
2025-09-27 15:45:45,1925.9743979
2025-09-27 16:26:04,644.0241339
2025-09-27 17:06:23,416.4014395
2025-09-27 17:46:42,1401.2043498
2025-09-27 18:27:01,982.8537997
2025-09-27 19:07:20,8632.258201
2025-09-27 19:47:39,238.9474781
2025-09-27 20:27:58,2.1890974
2025-09-27 21:08:17,2.0269063
2025-09-27 21:48:36,2.027554
2025-09-27 22:28:55,1.9464476
2025-09-27 23:09:14,2.0898083
2025-09-27 23:49:33,2.0259282
2025-09-28 00:29:52,1.9723485
2025-09-28 01:10:11,2.03589
2025-09-28 01:50:30,2.0238838
2025-09-28 02:30:49,1.9458974
2025-09-28 03:11:08,2.138346
2025-09-28 03:51:27,3.4042456
2025-09-28 04:31:46,2.4542868
2025-09-28 05:12:05,6.4203624
2025-09-28 05:52:24,6.3895767
2025-09-28 06:32:43,6.3782731
2025-09-28 07:13:02,294.4126425
2025-09-28 07:53:21,52.0327361
2025-09-28 08:33:40,14.550654
2025-09-28 09:13:59,14.8998916
2025-09-28 09:54:18,905.6285483
2025-09-28 10:34:37,227.299687
2025-09-28 11:14:56,848.6348513
2025-09-28 11:55:15,457.8601438
2025-09-28 12:35:34,13.6919228
2025-09-28 13:15:53,13.9138067
2025-09-28 13:56:12,13.7413569
2025-09-28 14:36:31,13.7654819
2025-09-28 15:16:50,13.8812373
2025-09-28 15:57:09,13.537314
2025-09-28 16:37:28,13.3229989
2025-09-28 17:17:47,172.3356164
2025-09-28 17:58:06,28.1414651
2025-09-28 18:38:25,341.8867948
2025-09-28 19:18:44,488.4930789
2025-09-28 19:59:03,100.7324382
2025-09-28 20:39:22,2.1258399
2025-09-28 21:19:41,1.9859964
2025-09-28 22:00:00,2.0567833
2025-09-28 22:40:19,1.9595806
2025-09-28 23:20:38,1.979997
2025-09-29 00:00:57,1.9805676
2025-09-29 00:41:16,2.0090734
2025-09-29 01:21:35,1.9514637
2025-09-29 02:01:54,7.1678247
2025-09-29 02:42:13,6.3761297
2025-09-29 03:22:32,7.9010476
2025-09-29 04:02:51,10.3137436
2025-09-29 04:43:10,13.739094
2025-09-29 05:23:29,360.7191037
2025-09-29 06:03:48,2494.3896111
2025-09-29 06:44:07,207.5918136
2025-09-29 07:24:26,98.0025272
2025-09-29 08:04:45,2.0639092
2025-09-29 08:45:04,44.1117245
2025-09-29 09:25:23,133.172937
2025-09-29 10:05:42,742.3309788
2025-09-29 10:46:01,410.7986919
2025-09-29 11:26:20,2.0296356
2025-09-29 12:06:39,1.7395419
2025-09-29 12:46:58,1.7772646
2025-09-29 13:27:17,1.8021064
2025-09-29 14:07:36,1.7688984
2025-09-29 14:47:55,1.7990064
2025-09-29 15:28:14,1.8204834
2025-09-29 16:08:33,1.7633727
2025-09-29 16:48:52,1.7942455
2025-09-29 17:29:11,1.7848301
2025-09-29 18:09:30,1.7623244
2025-09-29 18:49:49,1.7958325
2025-09-29 19:30:08,284.5081315
2025-09-29 20:10:27,642.4441423
2025-09-29 20:50:46,2.0760895
2025-09-29 21:31:05,1.9312625
2025-09-29 22:11:24,1.8791132
2025-09-29 22:51:43,1.856957
2025-09-29 23:32:02,1.9191448
2025-09-30 00:12:21,1.8779606
2025-09-30 00:52:40,1.8631056
2025-09-30 01:32:59,1.9526587
2025-09-30 02:13:18,1.8527275
2025-09-30 02:53:37,1.8612852
2025-09-30 03:33:56,420.8892919
2025-09-30 04:14:15,1.9467972
2025-09-30 04:54:34,1.9144703
2025-09-30 05:34:53,2.1635132
2025-09-30 06:15:12,402.9797169
2025-09-30 06:55:31,2.6690276
2025-09-30 07:35:50,218.9210356
2025-09-30 08:16:09,19.5729836
2025-09-30 08:56:28,11.1402274
2025-09-30 09:36:47,14.0795605
2025-09-30 10:17:06,9.7751632
2025-09-30 10:57:25,10.4217517
2025-09-30 11:37:44,4.4407171
2025-09-30 12:18:03,6.2857917
2025-09-30 12:58:22,10.351488
2025-09-30 13:38:41,11.2149625
2025-09-30 14:19:00,10.9975018
2025-09-30 14:59:19,11.1004581
2025-09-30 15:39:38,10.9325321
2025-09-30 16:19:57,10.7389206
2025-09-30 17:00:16,4.7336042
2025-09-30 17:40:35,17.2119811
2025-09-30 18:20:54,4.405612
2025-09-30 19:01:13,4.3608195
2025-09-30 19:41:32,4.314033
2025-09-30 20:21:51,4.3195821
2025-09-30 21:02:10,4.3192001
2025-09-30 21:42:29,4.3212428
2025-09-30 22:22:48,4.4647535
2025-09-30 23:03:07,4.6074714
2025-09-30 23:43:26,4.5000331
2025-10-01 00:23:45,4.4856053
2025-10-01 01:04:04,4.4672216
2025-10-01 01:44:23,4.5770814
2025-10-01 02:24:42,4.0926982
2025-10-01 03:05:01,4.0903611
2025-10-01 03:45:20,8.6785207
2025-10-01 04:25:39,4.2937652
2025-10-01 05:05:58,553.1364322
2025-10-01 05:46:17,4.7025975
2025-10-01 06:26:36,4.9561935
2025-10-01 07:06:55,5.0285039
2025-10-01 07:47:14,8.8576717
2025-10-01 08:27:33,10.7409727
2025-10-01 09:07:52,11.0143205
2025-10-01 09:48:11,12.6994378
2025-10-01 10:28:30,671.5112041
2025-10-01 11:08:49,649.1415567
2025-10-01 11:49:08,197.7514095
2025-10-01 12:29:27,28.6727945
2025-10-01 13:09:46,15.0318047
2025-10-01 13:50:05,5.577166
2025-10-01 14:30:24,9.7672748
2025-10-01 15:10:43,4.8543031
2025-10-01 15:51:02,6.31591
2025-10-01 16:31:21,4.9831813
2025-10-01 17:11:40,7.2027676
2025-10-01 17:51:59,1726.6130144
2025-10-01 18:32:18,1573.8653223
2025-10-01 19:12:37,6.3603749
2025-10-01 19:52:56,5.6930665
2025-10-01 20:33:15,5.069514
2025-10-01 21:13:34,4.9930475
2025-10-01 21:53:53,112.2440432
2025-10-01 22:34:12,5.0511374
2025-10-01 23:14:31,5.0389439
2025-10-01 23:54:50,5.6885485
2025-10-02 00:35:09,802.9368049
2025-10-02 01:15:28,4.363393
2025-10-02 01:55:47,4.762617
2025-10-02 02:36:06,4.3067575
2025-10-02 03:16:25,4.1502628
2025-10-02 03:56:44,12.3709645
2025-10-02 04:37:03,4.5120018
2025-10-02 05:17:22,4.3651725
2025-10-02 05:57:41,6.8259201
2025-10-02 06:38:00,11.9657919
2025-10-02 07:18:19,4.9518829
2025-10-02 07:58:38,5.3251806
2025-10-02 08:38:57,5.1678798
2025-10-02 09:19:16,4.9406755
2025-10-02 09:59:35,5.2213276
2025-10-02 10:39:54,5.4994974
2025-10-02 11:20:13,73.5821515
2025-10-02 12:00:32,432.5578057
2025-10-02 12:40:51,11.8655824
2025-10-02 13:21:10,11.1784504
2025-10-02 14:01:29,10.9626321
2025-10-02 14:41:48,11.0915471
2025-10-02 15:22:07,75.0001783
2025-10-02 16:02:26,296.794991
2025-10-02 16:42:45,389.6674851
2025-10-02 17:23:04,382.2752593
2025-10-02 18:03:23,2524.5884485
2025-10-02 18:43:42,716.0491789
2025-10-02 19:24:01,566.3708496
2025-10-02 20:04:20,313.7931291
2025-10-02 20:44:39,4.4883253
2025-10-02 21:24:58,4.3829327
2025-10-02 22:05:17,11.5118973
2025-10-02 22:45:36,5.184685
2025-10-02 23:25:55,4.5372711
2025-10-03 00:06:14,4.4739097
2025-10-03 00:46:33,4.7661413
2025-10-03 01:26:52,4.1863824
2025-10-03 02:07:11,4.1956347
2025-10-03 02:47:30,4.2990546
2025-10-03 03:27:49,4.3096988
2025-10-03 04:08:08,9.5367448
2025-10-03 04:48:27,4.5220882
2025-10-03 05:28:46,6.6008431
2025-10-03 06:09:05,175.2725317
2025-10-03 06:49:24,477.9929078
2025-10-03 07:29:43,28.9375293
2025-10-03 08:10:02,201.27204
2025-10-03 08:50:21,1304.4988148
2025-10-03 09:30:40,4.5679373
2025-10-03 10:10:59,188.5671246
2025-10-03 10:51:18,787.2192302
2025-10-03 11:31:37,235.9086232
2025-10-03 12:11:56,249.416346
2025-10-03 12:52:15,74.8640339
2025-10-03 13:32:34,4.3325935
2025-10-03 14:12:53,4.4233086
2025-10-03 14:53:12,4.3519957
2025-10-03 15:33:31,4.4007894
2025-10-03 16:13:50,4.339708
2025-10-03 16:54:09,4.396939
2025-10-03 17:34:28,1706.3269385
2025-10-03 18:14:47,6567.4101816
2025-10-03 18:55:06,4389.5715426
2025-10-03 19:35:25,10.7469134
2025-10-03 20:15:44,4.6838817
2025-10-03 20:56:03,4.2689747
2025-10-03 21:36:22,4.3794572
2025-10-03 22:16:41,4.2888546
2025-10-03 22:57:00,4.289687
2025-10-03 23:37:19,4.2803787
2025-10-04 00:17:38,4.3300665
2025-10-04 00:57:57,4.3408717
2025-10-04 01:38:16,4.236678
2025-10-04 02:18:35,4.2113137
2025-10-04 02:58:54,4.2021388
2025-10-04 03:39:13,11.2333284
2025-10-04 04:19:32,4.2884262
2025-10-04 04:59:51,103.8840811
2025-10-04 05:40:10,6.1382421
2025-10-04 06:20:29,4.1059145
2025-10-04 07:00:48,4.0802115
2025-10-04 07:41:07,4.0770029
2025-10-04 08:21:26,4.5852546
2025-10-04 09:01:45,4.0891355
2025-10-04 09:42:04,4.0701639
2025-10-04 10:22:23,4.0897431
2025-10-04 11:02:42,5.2556686
2025-10-04 11:43:01,318.8422316
2025-10-04 12:23:20,23.8108311
2025-10-04 13:03:39,260.7403551
2025-10-04 13:43:58,434.6726736
2025-10-04 14:24:17,1079.0358717
2025-10-04 15:04:36,4.6670243
2025-10-04 15:44:55,514.7715384
2025-10-04 16:25:14,434.2122675
2025-10-04 17:05:33,109.3554039
2025-10-04 17:45:52,677.1114242
2025-10-04 18:26:11,262.4795947
2025-10-04 19:06:30,4.5041428
2025-10-04 19:46:49,4.2661548
2025-10-04 20:27:08,4.300308
2025-10-04 21:07:27,4.2517868
2025-10-04 21:47:46,4.2491711
2025-10-04 22:28:05,61.0369257
2025-10-04 23:08:24,4.3410068
2025-10-04 23:48:43,4.3135638
2025-10-05 00:29:02,4.3711297
2025-10-05 01:09:21,4.4269251
2025-10-05 01:49:40,4.359958
2025-10-05 02:29:59,4.4530523
2025-10-05 03:10:18,4.3791784
2025-10-05 03:50:37,5.7888963
2025-10-05 04:30:56,4.6501503
2025-10-05 05:11:15,5.0311352
2025-10-05 05:51:34,5.8011072
2025-10-05 06:31:53,4.2553057
2025-10-05 07:12:12,4.0164436
2025-10-05 07:52:31,4.0139743
2025-10-05 08:32:50,4.2384366
2025-10-05 09:13:09,4.0012174
2025-10-05 09:53:28,4.0250335
2025-10-05 10:33:47,4.053404
2025-10-05 11:14:06,566.9592201
2025-10-05 11:54:25,62.2495043
2025-10-05 12:34:44,840.4410414
2025-10-05 13:15:03,195.52639
2025-10-05 13:55:22,253.2886821
2025-10-05 14:35:41,208.4744936
2025-10-05 15:16:00,528.5417606
2025-10-05 15:56:19,1000.4724276
2025-10-05 16:36:38,501.0655932
2025-10-05 17:16:57,369.6353693
2025-10-05 17:57:16,31.2787853
2025-10-05 18:37:35,162.3808436
2025-10-05 19:17:54,1375.1514863
2025-10-05 19:58:13,16696.7637482
2025-10-05 20:38:32,1273.7733867
2025-10-05 21:18:51,1063.8077134
2025-10-05 21:59:10,11.7391457
2025-10-05 22:39:29,6.657028
2025-10-05 23:19:48,7.9343976
2025-10-06 00:00:07,5.0876338
2025-10-06 00:40:26,7.7445859
2025-10-06 01:20:45,6.292105
2025-10-06 02:01:04,5.4872549
2025-10-06 02:41:23,5.219998
2025-10-06 03:21:42,6.4379234
2025-10-06 04:02:01,5.80936
2025-10-06 04:42:20,5.2610628
2025-10-06 05:22:39,6.816231
2025-10-06 06:02:58,5.8161748
2025-10-06 06:43:17,9.2477908
2025-10-06 07:23:36,977.3951412
2025-10-06 08:03:55,474.7488121
2025-10-06 08:44:14,121.1613588
2025-10-06 09:24:33,1089.6668855
2025-10-06 10:04:52,4.2517465
2025-10-06 10:45:11,4.0873053
2025-10-06 11:25:30,4.1096236
2025-10-06 12:05:49,4.1888374
2025-10-06 12:46:08,4.089095
2025-10-06 13:26:27,3.9615783
2025-10-06 14:06:46,3.9171839
2025-10-06 14:47:05,3.9046629
2025-10-06 15:27:24,3.9422298
2025-10-06 16:07:43,3.940098
2025-10-06 16:48:02,3.8987633
2025-10-06 17:28:21,3.8878074
2025-10-06 18:08:40,3.930845
2025-10-06 18:48:59,3.9290995
2025-10-06 19:29:18,3.9353256
2025-10-06 20:09:37,3.9233235
2025-10-06 20:49:56,3.9980578
2025-10-06 21:30:15,3.9339912
2025-10-06 22:10:34,3.9265541
2025-10-06 22:50:53,4.015805
2025-10-06 23:31:12,3.9199798
2025-10-07 00:11:31,3.9472332
2025-10-07 00:51:50,4.0551677
2025-10-07 01:32:09,4.0439978
2025-10-07 02:12:28,4.1909394
2025-10-07 02:52:47,4.0555218
2025-10-07 03:33:06,4.0181331
2025-10-07 04:13:25,6.6063615
2025-10-07 04:53:44,3.9804562
2025-10-07 05:34:03,4.1678497
2025-10-07 06:14:22,4.1246589
2025-10-07 06:54:41,4.0607839
2025-10-07 07:35:00,4.0334893
2025-10-07 08:15:19,4.1194942
2025-10-07 08:55:38,4.0800114
2025-10-07 09:35:57,4.0400476
2025-10-07 10:16:16,4.592243
2025-10-07 10:56:35,3.9946592
2025-10-07 11:36:54,3.9849443
2025-10-07 12:17:13,3.9905388
2025-10-07 12:57:32,4.0675591
2025-10-07 13:37:51,3.9917058
2025-10-07 14:18:10,3.9807986
2025-10-07 14:58:29,3.9722894
2025-10-07 15:38:48,3.9723547
2025-10-07 16:19:07,3.9841576
2025-10-07 16:59:26,3.9688717
2025-10-07 17:39:45,4.0339262
2025-10-07 18:20:04,3.9586723
2025-10-07 19:00:23,3.9698329
2025-10-07 19:40:42,3.8932123
2025-10-07 20:21:01,143.3880147
2025-10-07 21:01:20,4.0241292
2025-10-07 21:41:39,4.0057358
2025-10-07 22:21:58,3.9884913
2025-10-07 23:02:17,3.9552493
2025-10-07 23:42:36,4.0769153
2025-10-08 00:22:55,4.2300284
2025-10-08 01:03:14,4.7035903
2025-10-08 01:43:33,4.0621653
2025-10-08 02:23:52,4.026479
2025-10-08 03:04:11,4.0134519
2025-10-08 03:44:30,8.4359753
2025-10-08 04:24:49,4.036986
2025-10-08 05:05:08,4.2382537
2025-10-08 05:45:27,46.2332306
2025-10-08 06:25:46,14.2739811
2025-10-08 07:06:05,8.4526198
2025-10-08 07:46:24,9.161726
2025-10-08 08:26:43,12.7385209
2025-10-08 09:07:02,14.6971514
2025-10-08 09:47:21,14.8854822
2025-10-08 10:27:40,59.6356252
2025-10-08 11:07:59,193.641188
2025-10-08 11:48:18,16.0344026
2025-10-08 12:28:37,15.2025633
2025-10-08 13:08:56,9.1699909
2025-10-08 13:49:15,8.3475526
2025-10-08 14:29:34,8.3101095
2025-10-08 15:09:53,168.8351392
2025-10-08 15:50:12,8.7117135
2025-10-08 16:30:31,214.7099715
2025-10-08 17:10:50,578.1800685
2025-10-08 17:51:09,148.6998436
2025-10-08 18:31:28,45.1702462
2025-10-08 19:11:47,299.1588909
2025-10-08 19:52:06,4.0598894
2025-10-08 20:32:25,4.0779878
2025-10-08 21:12:44,3.9915506
2025-10-08 21:53:03,4.1361202
2025-10-08 22:33:22,4.0238289
2025-10-08 23:13:41,4.0398983
2025-10-08 23:54:00,4.1821829
2025-10-09 00:34:19,4.1507034
2025-10-09 01:14:38,4.3554501
2025-10-09 01:54:57,3.8949609
2025-10-09 02:35:16,3.7613029
2025-10-09 03:15:35,3.7940246
2025-10-09 03:55:54,3.9832653
2025-10-09 04:36:13,12.9613736
2025-10-09 05:16:32,8.2552365
2025-10-09 05:56:51,304.641439
2025-10-09 06:37:10,338.695724
2025-10-09 07:17:29,33.6733772
2025-10-09 07:57:48,9.0990977
2025-10-09 08:38:07,8.3940286
2025-10-09 09:18:26,61.6423686
2025-10-09 09:58:45,78.3003073
2025-10-09 10:39:04,143.3331071
2025-10-09 11:19:23,1284.5579439
2025-10-09 11:59:42,343.4997267
2025-10-09 12:40:01,694.172725
2025-10-09 13:20:20,152.8400826
2025-10-09 14:00:39,16.4365464
2025-10-09 14:40:58,17.0101491
2025-10-09 15:21:17,16.5515876
2025-10-09 16:01:36,16.1156291
2025-10-09 16:41:55,16.6853988
2025-10-09 17:22:14,54.8514086
2025-10-09 18:02:33,655.1786385
2025-10-09 18:42:52,181.8143133
2025-10-09 19:23:11,503.4332654
2025-10-09 20:03:30,1150.9930264
2025-10-09 20:43:49,6.0500708
2025-10-09 21:24:08,4.391784
2025-10-09 22:04:27,4.2558703
2025-10-09 22:44:46,4.3286173
2025-10-09 23:25:05,4.4392104
2025-10-10 00:05:24,4.235245
2025-10-10 00:45:43,4.3612607
2025-10-10 01:26:02,4.3727762
2025-10-10 02:06:21,5.8743228
2025-10-10 02:46:40,4.3148595
2025-10-10 03:26:59,4.1157884
2025-10-10 04:07:18,9.1422738
2025-10-10 04:47:37,8.5899313
2025-10-10 05:27:56,9.8934404
2025-10-10 06:08:15,14.1345602
2025-10-10 06:48:34,15.0112984
2025-10-10 07:28:53,14.4601554
2025-10-10 08:09:12,14.9383555
2025-10-10 08:49:31,14.6649494
2025-10-10 09:29:50,14.481545
2025-10-10 10:10:09,14.5365485
2025-10-10 10:50:28,20.6014863
2025-10-10 11:30:47,293.967002
2025-10-10 12:11:06,293.1314935
2025-10-10 12:51:25,35.0629487
2025-10-10 13:31:44,245.9205186
2025-10-10 14:12:03,859.0431177
2025-10-10 14:52:22,395.846544
2025-10-10 15:32:41,2593.5921122
2025-10-10 16:13:00,14.6878337
2025-10-10 16:53:19,15.4857579
2025-10-10 17:33:38,15.9932282
2025-10-10 18:13:57,393.3929553
2025-10-10 18:54:16,699.357435
2025-10-10 19:34:35,505.4426764
2025-10-10 20:14:54,33.5104193
2025-10-10 20:55:13,8.253753
2025-10-10 21:35:32,8.2243407
2025-10-10 22:15:51,8.5736797
2025-10-10 22:56:10,8.4835089
2025-10-10 23:36:29,8.5260636
2025-10-11 00:16:48,8.5202874
2025-10-11 00:57:07,8.5958197
2025-10-11 01:37:26,8.0838391
2025-10-11 02:17:45,7.8978554
2025-10-11 02:58:04,7.9129568
2025-10-11 03:38:23,7.5905597
2025-10-11 04:18:42,14.4775977
2025-10-11 04:59:01,8.4650979
2025-10-11 05:39:20,1021.8807838
2025-10-11 06:19:39,363.4765796
2025-10-11 06:59:58,8.0372142
2025-10-11 07:40:17,7.4401885
2025-10-11 08:20:36,8.1848178
2025-10-11 09:00:55,8.1390512
2025-10-11 09:41:14,7.8816088
2025-10-11 10:21:33,8.2772109
2025-10-11 11:01:52,8.1405258
2025-10-11 11:42:11,8.1567403
2025-10-11 12:22:30,7.4429234
2025-10-11 13:02:49,7.8596877
2025-10-11 13:43:08,8.1332293
2025-10-11 14:23:27,8.1894075
2025-10-11 15:03:46,8.2345564
2025-10-11 15:44:05,8.1358776
2025-10-11 16:24:24,7.8472716
2025-10-11 17:04:43,8.2075732
2025-10-11 17:45:02,7.9318986
2025-10-11 18:25:21,12.0448033
2025-10-11 19:05:40,1022.8233234
2025-10-11 19:45:59,10.2476295
2025-10-11 20:26:18,10.9143897
2025-10-11 21:06:37,6.3994833
2025-10-11 21:46:56,3.7380657
2025-10-11 22:27:15,3.8054753
2025-10-11 23:07:34,3.8423283
2025-10-11 23:47:53,3.7527227
2025-10-12 00:28:12,3.8672628
2025-10-12 01:08:31,3.8168944
2025-10-12 01:48:50,3.7586496
2025-10-12 02:29:09,3.8165874
2025-10-12 03:09:28,3.8845991
2025-10-12 03:49:47,8.2958707
2025-10-12 04:30:06,6.5522969
2025-10-12 05:10:25,8.2015669
2025-10-12 05:50:44,8.0825492
2025-10-12 06:31:03,8.3287415
2025-10-12 07:11:22,262.6104912
2025-10-12 07:51:41,479.5001773
2025-10-12 08:32:00,785.6287277
2025-10-12 09:12:19,949.5812648
2025-10-12 09:52:38,322.2392277
2025-10-12 10:32:57,14.4967824
2025-10-12 11:13:16,15.0488827
2025-10-12 11:53:35,245.9260314
2025-10-12 12:33:54,1164.8116402
2025-10-12 13:14:13,15.0572417
2025-10-12 13:54:32,15.9344633
2025-10-12 14:34:51,15.9369413
2025-10-12 15:15:10,9.782402
2025-10-12 15:55:29,1568.9339304
2025-10-12 16:35:48,660.5840166
2025-10-12 17:16:07,1147.123469
2025-10-12 17:56:26,572.723143
2025-10-12 18:36:45,30.7391658
2025-10-12 19:17:04,13.7524446
2025-10-12 19:57:23,12.1876341
2025-10-12 20:37:42,61.711593
2025-10-12 21:18:01,4.142396
2025-10-12 21:58:20,4.0548587
2025-10-12 22:38:39,4.1585734
2025-10-12 23:18:58,4.174298
2025-10-12 23:59:17,4.1407532
2025-10-13 00:39:36,4.0969776
2025-10-13 01:19:55,4.0557622
2025-10-13 02:00:14,4.1730942
2025-10-13 02:40:33,4.2345257
2025-10-13 03:20:52,4.1010699
2025-10-13 04:01:11,4.1640217
2025-10-13 04:41:30,8.7258573
2025-10-13 05:21:49,58.6277872
2025-10-13 06:02:08,165.0506839
2025-10-13 06:42:27,1269.1080046
2025-10-13 07:22:46,180.8608278
2025-10-13 08:03:05,1408.4403786
2025-10-13 08:43:24,576.4274588
2025-10-13 09:23:43,65.3320462
2025-10-13 10:04:02,9.0059329
2025-10-13 10:44:21,9.2549727
2025-10-13 11:24:40,1890.3936094
2025-10-13 12:04:59,924.0199217
2025-10-13 12:45:18,8.4692058
2025-10-13 13:25:37,8.4163253
2025-10-13 14:05:56,8.3848916
2025-10-13 14:46:15,8.4443122
2025-10-13 15:26:34,8.4001756
2025-10-13 16:06:53,8.4652329
2025-10-13 16:47:12,8.3475975
2025-10-13 17:27:31,8.4426901
2025-10-13 18:07:50,8.4139898
2025-10-13 18:48:09,8.4870611
2025-10-13 19:28:28,5.354782
2025-10-13 20:08:47,641.9614167
2025-10-13 20:49:06,1133.0925779
2025-10-13 21:29:25,4.0910637
2025-10-13 22:09:44,4.3083683
2025-10-13 22:50:03,4.1450249
2025-10-13 23:30:22,4.095034
2025-10-14 00:10:41,4.2245726
2025-10-14 00:51:00,4.0865457
2025-10-14 01:31:19,4.057008
2025-10-14 02:11:38,4.5313428
2025-10-14 02:51:57,3.8048025
2025-10-14 03:32:16,3.8298783
2025-10-14 04:12:35,8.2886797
2025-10-14 04:52:54,8.227275
2025-10-14 05:33:13,419.7877731
2025-10-14 06:13:32,42.3150571
2025-10-14 06:53:51,9.5105498
2025-10-14 07:34:10,9.7810914
2025-10-14 08:14:29,9.0661548
2025-10-14 08:54:48,9.0857972
2025-10-14 09:35:07,11.4930921
2025-10-14 10:15:26,9.1881536
2025-10-14 10:55:45,74.6194136
2025-10-14 11:36:04,389.4309808
2025-10-14 12:16:23,2139.1695732
2025-10-14 12:56:42,9.7135377
2025-10-14 13:37:01,9.602497
2025-10-14 14:17:20,13.6459676
2025-10-14 14:57:39,11.4176803
2025-10-14 15:37:58,8.4848016
2025-10-14 16:18:17,8.4451272
2025-10-14 16:58:36,8.3777327
2025-10-14 17:38:55,8.4041146
2025-10-14 18:19:14,8.4069015
2025-10-14 18:59:33,8.3534329
2025-10-14 19:39:52,4.0958661
2025-10-14 20:20:11,4.0090319
2025-10-14 21:00:30,4.041729
2025-10-14 21:40:49,4.2287851
2025-10-14 22:21:08,4.3225398
2025-10-14 23:01:27,4.140644
2025-10-14 23:41:46,4.2087346
2025-10-15 00:22:05,4.0461231
2025-10-15 01:02:24,4.2218988
2025-10-15 01:42:43,4.1561533
2025-10-15 02:23:02,4.0131636
2025-10-15 03:03:21,4.0396233
2025-10-15 03:43:40,4.2090486
2025-10-15 04:23:59,10.8575464
2025-10-15 05:04:18,437.7842879
2025-10-15 05:44:37,311.3645868
2025-10-15 06:24:56,1071.3903053
2025-10-15 07:05:15,215.3887056
2025-10-15 07:45:34,1356.1738809
2025-10-15 08:25:53,10.5237045
2025-10-15 09:06:12,9.3254944
2025-10-15 09:46:31,9.0925059
2025-10-15 10:26:50,628.1433752
2025-10-15 11:07:09,754.5485259
2025-10-15 11:47:28,79.5242496
2025-10-15 12:27:47,124.7636048
2025-10-15 13:08:06,122.0179855
2025-10-15 13:48:25,17.9272821
2025-10-15 14:28:44,128.7769592
2025-10-15 15:09:03,173.0153875
2025-10-15 15:49:22,26.5732605
2025-10-15 16:29:41,9.1381608
2025-10-15 17:10:00,9.6533159
2025-10-15 17:50:19,9.730476
2025-10-15 18:30:38,10.9226702
2025-10-15 19:10:57,70.9537877
2025-10-15 19:51:16,696.7472696
2025-10-15 20:31:35,1158.3935924
2025-10-15 21:11:54,1019.1214053
2025-10-15 21:52:13,4.2410306
2025-10-15 22:32:32,4.1636269
2025-10-15 23:12:51,4.2649367
2025-10-15 23:53:10,4.2121071
2025-10-16 00:33:29,9.4340873
2025-10-16 01:13:48,4.1660923
2025-10-16 01:54:07,4.1876279
2025-10-16 02:34:26,4.2289722
2025-10-16 03:14:45,4.2036469
2025-10-16 03:55:04,372.4075423
2025-10-16 04:35:23,8.1201544
2025-10-16 05:15:42,214.118203
2025-10-16 05:56:01,153.0812135
2025-10-16 06:36:20,48.2837164
2025-10-16 07:16:39,1467.7996167
2025-10-16 07:56:58,4142.4891777
2025-10-16 08:37:17,213.8359106
2025-10-16 09:17:36,5634.1941074
2025-10-16 09:57:55,6168.8764654
2025-10-16 10:38:14,5388.6439396
2025-10-16 11:18:33,3535.1937678
2025-10-16 11:58:52,9.9343286
2025-10-16 12:39:11,10.410773
2025-10-16 13:19:30,10.0747837
2025-10-16 13:59:49,9.532631
2025-10-16 14:40:08,233.9543993
2025-10-16 15:20:27,124.4782245
2025-10-16 16:00:46,20.4465743
2025-10-16 16:41:05,356.4539313
2025-10-16 17:21:24,463.2326886
2025-10-16 18:01:43,818.5090094
2025-10-16 18:42:02,10.2448558
2025-10-16 19:22:21,542.9630244
2025-10-16 20:02:40,389.1578535
2025-10-16 20:42:59,614.4839113
2025-10-16 21:23:18,13.8566888
2025-10-16 22:03:37,16.5022657
2025-10-16 22:43:56,4.2402486
2025-10-16 23:24:15,3.9651077
2025-10-17 00:04:34,3.9799229
2025-10-17 00:44:53,4.0997228
2025-10-17 01:25:12,3.8026024
2025-10-17 02:05:31,3.9018138
2025-10-17 02:45:50,4.0779758
2025-10-17 03:26:09,3.9292834
2025-10-17 04:06:28,10.42791
2025-10-17 04:46:47,435.2133094
2025-10-17 05:27:06,10.3672089
2025-10-17 06:07:25,9.8736786
2025-10-17 06:47:44,9.3738902
2025-10-17 07:28:03,9.5220884
2025-10-17 08:08:22,10.4819181
2025-10-17 08:48:41,16.3741604
2025-10-17 09:29:00,9.3984312
2025-10-17 10:09:19,10.0211308
2025-10-17 10:49:38,8.6634127
2025-10-17 11:29:57,8.3384636
2025-10-17 12:10:16,7.933543
2025-10-17 12:50:35,8.2453882
2025-10-17 13:30:54,8.2771562
2025-10-17 14:11:13,7.969284
2025-10-17 14:51:32,7.9815311
2025-10-17 15:31:51,8.2723802
2025-10-17 16:12:10,8.2411367
2025-10-17 16:52:29,7.8584864
2025-10-17 17:32:48,8.2259858
2025-10-17 18:13:07,10.8609604
2025-10-17 18:53:26,863.9536134
2025-10-17 19:33:45,45.008895
2025-10-17 20:14:04,4.2457048
2025-10-17 20:54:23,4.1895459
2025-10-17 21:34:42,4.561187
2025-10-17 22:15:01,4.1819376
2025-10-17 22:55:20,4.2146312
2025-10-17 23:35:39,4.1473945
2025-10-18 00:15:58,4.1870483
2025-10-18 00:56:17,4.2178634
2025-10-18 01:36:36,4.9373477
2025-10-18 02:16:55,4.012484
2025-10-18 02:57:14,4.2742301
2025-10-18 03:37:33,523.1767419
2025-10-18 04:17:52,33.6161246
2025-10-18 04:58:11,518.6413965
2025-10-18 05:38:30,10.5420625
2025-10-18 06:18:49,272.3539195
2025-10-18 06:59:08,55.169897
2025-10-18 07:39:27,13.1493817
2025-10-18 08:19:46,14.8761211
2025-10-18 09:00:05,14.0923608
2025-10-18 09:40:24,15.6312902
2025-10-18 10:20:43,69.3201679
2025-10-18 11:01:02,953.4165934
2025-10-18 11:41:21,1589.126566
2025-10-18 12:21:40,1318.0487876
2025-10-18 13:01:59,40.0827513
2025-10-18 13:42:18,76.4465922
2025-10-18 14:22:37,149.1323423
2025-10-18 15:02:56,219.6154861
2025-10-18 15:43:15,101.7633493
2025-10-18 16:23:34,85.079273
2025-10-18 17:03:53,3475.6256287
2025-10-18 17:44:12,3373.849436
2025-10-18 18:24:31,1148.4695089
2025-10-18 19:04:50,44.4067491
2025-10-18 19:45:09,128.7271265
2025-10-18 20:25:28,58.3313641
2025-10-18 21:05:47,3178.7966076
2025-10-18 21:46:06,1166.4921878
2025-10-18 22:26:25,4.3759651
2025-10-18 23:06:44,3.899727
2025-10-18 23:47:03,3.884939
2025-10-19 00:27:22,3.8119482
2025-10-19 01:07:41,3.8856033
2025-10-19 01:48:00,3.8521333
2025-10-19 02:28:19,3.746789
2025-10-19 03:08:38,3.8549707
2025-10-19 03:48:57,3.9072178
2025-10-19 04:29:16,6.333729
2025-10-19 05:09:35,8.3776422
2025-10-19 05:49:54,9.4333163
2025-10-19 06:30:13,8.3430096
2025-10-19 07:10:32,8.2629981
2025-10-19 07:50:51,7.6365048
2025-10-19 08:31:10,7.9945638
2025-10-19 09:11:29,29.9942008
2025-10-19 09:51:48,611.3769701
2025-10-19 10:32:07,1472.7864117
2025-10-19 11:12:26,717.2710826
2025-10-19 11:52:45,251.2961064
2025-10-19 12:33:04,383.2735966
2025-10-19 13:13:23,13.8799873
2025-10-19 13:53:42,13.8639837
2025-10-19 14:34:01,14.2454785
2025-10-19 15:14:20,13.7726814
2025-10-19 15:54:39,14.048356
2025-10-19 16:34:58,757.6732902
2025-10-19 17:15:17,7143.6542903
2025-10-19 17:55:36,1309.8157409
2025-10-19 18:35:55,561.0516511
2025-10-19 19:16:14,683.7825085
2025-10-19 19:56:33,831.8761315
2025-10-19 20:36:52,74.3791307
2025-10-19 21:17:11,5.3481231
2025-10-19 21:57:30,4.177159
2025-10-19 22:37:49,4.1036685
2025-10-19 23:18:08,4.1730396
2025-10-19 23:58:27,4.1598774
2025-10-20 00:38:46,4.1717789
2025-10-20 01:19:05,4.0653204
2025-10-20 01:59:24,4.1403416
2025-10-20 02:39:43,4.0967648
2025-10-20 03:20:02,4.0790021
2025-10-20 04:00:21,4.7283522
2025-10-20 04:40:40,7.6745375
2025-10-20 05:20:59,275.4229344
2025-10-20 06:01:18,299.5002253
2025-10-20 06:41:37,699.9071652
2025-10-20 07:21:56,654.6291461
2025-10-20 08:02:15,608.0302733
2025-10-20 08:42:34,1359.6121669
2025-10-20 09:22:53,30.2958387
2025-10-20 10:03:12,8.2769649
2025-10-20 10:43:31,8.1247397
2025-10-20 11:23:50,8.176379
2025-10-20 12:04:09,8.0199966
2025-10-20 12:44:28,7.9436824
2025-10-20 13:24:47,8.0875167
2025-10-20 14:05:06,8.0248067
2025-10-20 14:45:25,8.0006607
2025-10-20 15:25:44,8.0749033
2025-10-20 16:06:03,7.9936903
2025-10-20 16:46:22,7.994305
2025-10-20 17:26:41,8.0339438
2025-10-20 18:07:00,8.003344
2025-10-20 18:47:19,7.897145
2025-10-20 19:27:38,4.9859104
2025-10-20 20:07:57,3.5317873
2025-10-20 20:48:16,3.5866488
2025-10-20 21:28:35,3.6431874
2025-10-20 22:08:54,3.5248651
2025-10-20 22:49:13,3.5962734
2025-10-20 23:29:32,3.5877471
2025-10-21 00:09:51,3.5458172
2025-10-21 00:50:10,3.5822629
2025-10-21 01:30:29,3.9117036
2025-10-21 02:10:48,3.7538298
2025-10-21 02:51:07,3.6279376
2025-10-21 03:31:26,3.6399279
2025-10-21 04:11:45,10.7200645
2025-10-21 04:52:04,6.6513074
2025-10-21 05:32:23,7.6612213
2025-10-21 06:12:42,7.6241107
2025-10-21 06:53:01,7.5806145
2025-10-21 07:33:20,7.6829589
2025-10-21 08:13:39,7.5816913
2025-10-21 08:53:58,7.541746
2025-10-21 09:34:17,7.6775524
2025-10-21 10:14:36,7.6489049
2025-10-21 10:54:55,7.652591
2025-10-21 11:35:14,7.6624233
2025-10-21 12:15:33,7.6216589
2025-10-21 12:55:52,7.582979
2025-10-21 13:36:11,7.8443076
2025-10-21 14:16:30,7.6244541
2025-10-21 14:56:49,7.6020532
2025-10-21 15:37:08,7.7135447
2025-10-21 16:17:27,7.6361175
2025-10-21 16:57:46,7.6374741
2025-10-21 17:38:05,7.6503794
2025-10-21 18:18:24,7.7395034
2025-10-21 18:58:43,7.6593347
2025-10-21 19:39:02,3.7807221
2025-10-21 20:19:21,3.5793367
2025-10-21 20:59:40,3.7240402
2025-10-21 21:39:59,3.653678
2025-10-21 22:20:18,3.6016833
2025-10-21 23:00:37,3.7134054
2025-10-21 23:40:56,3.6709992
2025-10-22 00:21:15,3.5833376
2025-10-22 01:01:34,3.6223879
2025-10-22 01:41:53,3.6958384
2025-10-22 02:22:12,3.6407158
2025-10-22 03:02:31,3.5942375
2025-10-22 03:42:50,3.6739493
2025-10-22 04:23:09,8.9196987
2025-10-22 05:03:28,7.9817158
2025-10-22 05:43:47,7.8654399
2025-10-22 06:24:06,8.0841667
2025-10-22 07:04:25,8.1430473
2025-10-22 07:44:44,8.1066228
2025-10-22 08:25:03,8.0145151
2025-10-22 09:05:22,7.9973767
2025-10-22 09:45:41,8.0683201
2025-10-22 10:26:00,8.0151453
2025-10-22 11:06:19,7.9795609
2025-10-22 11:46:38,8.0481003
2025-10-22 12:26:57,8.1573046
2025-10-22 13:07:16,8.0235696
2025-10-22 13:47:35,8.1216334
2025-10-22 14:27:54,7.9868116
2025-10-22 15:08:13,8.0536096
2025-10-22 15:48:32,8.1161669
2025-10-22 16:28:51,8.0002537
2025-10-22 17:09:10,8.0980119
2025-10-22 17:49:29,8.1422563
2025-10-22 18:29:48,8.0220164
2025-10-22 19:10:07,6.9286092
2025-10-22 19:50:26,3.7397978
2025-10-22 20:30:45,3.6871371
2025-10-22 21:11:04,3.730036
2025-10-22 21:51:23,3.7409738
2025-10-22 22:31:42,3.6132262
2025-10-22 23:12:01,3.6498886
2025-10-22 23:52:20,3.6687887
2025-10-23 00:32:39,3.6174619
2025-10-23 01:12:58,3.7659094
2025-10-23 01:53:17,3.7064414
2025-10-23 02:33:36,3.6519285
2025-10-23 03:13:55,3.6445678
2025-10-23 03:54:14,3.8168024
2025-10-23 04:34:33,12.175264
2025-10-23 05:14:52,8.0110402
2025-10-23 05:55:11,8.1175037
2025-10-23 06:35:30,8.0724129
2025-10-23 07:15:49,8.1267269
2025-10-23 07:56:08,8.1978362
2025-10-23 08:36:27,8.1302147
2025-10-23 09:16:46,8.1163546
2025-10-23 09:57:05,8.1817674
2025-10-23 10:37:24,8.0400655
2025-10-23 11:17:43,8.0124065
2025-10-23 11:58:02,8.0284713
2025-10-23 12:38:21,8.0457687
2025-10-23 13:18:40,8.0268223
2025-10-23 13:58:59,8.0483383
2025-10-23 14:39:18,8.0522499
2025-10-23 15:19:37,8.0097245
2025-10-23 15:59:56,8.1319495
2025-10-23 16:40:15,8.0411847
2025-10-23 17:20:34,8.0653976
2025-10-23 18:00:53,8.0741696
2025-10-23 18:41:12,7.9495955
2025-10-23 19:21:31,5.5509132
2025-10-23 20:01:50,3.7342191
2025-10-23 20:42:09,3.7471801
2025-10-23 21:22:28,3.602443
2025-10-23 22:02:47,3.7213789
2025-10-23 22:43:06,3.7351583
2025-10-23 23:23:25,3.6666296
2025-10-24 00:03:44,3.7014188
2025-10-24 00:44:03,3.7076302
2025-10-24 01:24:22,3.6503705
2025-10-24 02:04:41,3.6716562
2025-10-24 02:45:00,3.8212717
2025-10-24 03:25:19,3.6303478
2025-10-24 04:05:38,3.6942879
2025-10-24 04:45:57,12.565724
2025-10-24 05:26:16,8.0771389
2025-10-24 06:06:35,8.137521
2025-10-24 06:46:54,8.1006733
2025-10-24 07:27:13,8.1018285
2025-10-24 08:07:32,8.0323235
2025-10-24 08:47:51,8.0516351
2025-10-24 09:28:10,8.1379501
2025-10-24 10:08:29,8.0398595
2025-10-24 10:48:48,8.048252
2025-10-24 11:29:07,7.9723006
2025-10-24 12:09:26,8.1178725
2025-10-24 12:49:45,8.1177033
2025-10-24 13:30:04,8.1141372
2025-10-24 14:10:23,8.1543872
2025-10-24 14:50:42,8.1693146
2025-10-24 15:31:01,8.0355977
2025-10-24 16:11:20,8.0636288
2025-10-24 16:51:39,8.2216645
2025-10-24 17:31:58,8.0243624
2025-10-24 18:12:17,8.0161656
2025-10-24 18:52:36,8.0788784
2025-10-24 19:32:55,4.4927163
2025-10-24 20:13:14,3.6308163
2025-10-24 20:53:33,3.5957251
2025-10-24 21:33:52,3.6572489
2025-10-24 22:14:11,3.6542012
2025-10-24 22:54:30,3.7606783
2025-10-24 23:34:49,3.6133383
2025-10-25 00:15:08,3.6979239
2025-10-25 00:55:27,3.6961482
2025-10-25 01:35:46,5.0813463
2025-10-25 02:16:05,4.1044754
2025-10-25 02:56:24,4.0700609
2025-10-25 03:36:43,3.6908954
2025-10-25 04:17:02,9.6550706
2025-10-25 04:57:21,7.1766616
2025-10-25 05:37:40,7.0727648
2025-10-25 06:17:59,6.9650678
2025-10-25 06:58:18,7.5231519
2025-10-25 07:38:37,6.6725438
2025-10-25 08:18:56,6.5821331
2025-10-25 08:59:15,6.8816156
2025-10-25 09:39:34,6.8842645
2025-10-25 10:19:53,7.3272816
2025-10-25 11:00:12,7.7694045
2025-10-25 11:40:31,7.0108151
2025-10-25 12:20:50,6.7137584
2025-10-25 13:01:09,7.559463
2025-10-25 13:41:28,6.7425788
2025-10-25 14:21:47,7.3659639
2025-10-25 15:02:06,7.9199299
2025-10-25 15:42:25,7.1679213
2025-10-25 16:22:44,7.6955507
2025-10-25 17:03:03,7.0873501
2025-10-25 17:43:22,7.3235481
2025-10-25 18:23:41,7.6074409
2025-10-25 19:04:00,6.9505497
2025-10-25 19:44:19,3.9383453
2025-10-25 20:24:38,3.8049696
2025-10-25 21:04:57,3.924865
2025-10-25 21:45:16,3.8460785
2025-10-25 22:25:35,3.8474333
2025-10-25 23:05:54,3.8750839
2025-10-25 23:46:13,4.0338536
2025-10-26 00:26:32,3.7774702
2025-10-26 01:06:51,4.1103266
2025-10-26 01:47:10,3.9576986
2025-10-26 02:27:29,3.8549065
2025-10-26 03:07:48,3.8561363
2025-10-26 03:48:07,4.1291521
2025-10-26 04:28:26,4.0605675
2025-10-26 05:08:45,4.3782778
2025-10-26 05:49:04,8.7657394
2025-10-26 06:29:23,6.4179152
2025-10-26 07:09:42,6.3479259
2025-10-26 07:50:01,7.1223513
2025-10-26 08:30:20,7.2192434
2025-10-26 09:10:39,7.0594896
2025-10-26 09:50:58,5.9331317
2025-10-26 10:31:17,7.0138076
2025-10-26 11:11:36,6.6315915
2025-10-26 11:51:55,6.9359146
2025-10-26 12:32:14,7.2092975
2025-10-26 13:12:33,7.340783
2025-10-26 13:52:52,7.6032127
2025-10-26 14:33:11,7.0503713
2025-10-26 15:13:30,7.2062145
2025-10-26 15:53:49,6.9095198
2025-10-26 16:34:08,6.9534794
2025-10-26 17:14:27,6.9740918
2025-10-26 17:54:46,6.6249412
2025-10-26 18:35:05,6.3761045
2025-10-26 19:15:24,7.0215118
2025-10-26 19:55:43,6.7191517
2025-10-26 20:36:02,4.4389154
2025-10-26 21:16:21,4.0021693
2025-10-26 21:56:40,4.1424021
2025-10-26 22:36:59,3.9606543
2025-10-26 23:17:18,4.4661048
2025-10-26 23:57:37,4.1877553
2025-10-27 00:37:56,4.1005211
2025-10-27 01:18:15,3.9715191
2025-10-27 01:58:34,4.0521055
2025-10-27 02:38:53,3.9029993
2025-10-27 03:19:12,4.1781716
2025-10-27 03:59:31,3.9816979
2025-10-27 04:39:50,4.1533044
2025-10-27 05:20:09,11.2349765
2025-10-27 06:00:28,5.9499336
2025-10-27 06:40:47,7.0012864
2025-10-27 07:21:06,7.3841729
2025-10-27 08:01:25,7.5593185
2025-10-27 08:41:44,7.2538249
2025-10-27 09:22:03,6.9622642
2025-10-27 10:02:22,7.3082359
2025-10-27 10:42:41,7.3695379
2025-10-27 11:23:00,1610.330407
2025-10-27 12:03:19,653.7061431
2025-10-27 12:43:38,8.9168668
2025-10-27 13:23:57,9.9468119
2025-10-27 14:04:16,9.5008525
2025-10-27 14:44:35,9.8176286
2025-10-27 15:24:54,10.1369639
2025-10-27 16:05:13,71.3974137
2025-10-27 16:45:32,9.5034894
2025-10-27 17:25:51,9.6864734
2025-10-27 18:06:10,15.2289772
2025-10-27 18:46:29,126.8119664
2025-10-27 19:26:48,10.3403669
2025-10-27 20:07:07,9.8573763
2025-10-27 20:47:26,6.7892003
2025-10-27 21:27:45,18.2722992
2025-10-27 22:08:04,4.2963524
2025-10-27 22:48:23,4.1891729
2025-10-27 23:28:42,4.1809987
2025-10-28 00:09:01,4.2878808
2025-10-28 00:49:20,4.2117826
2025-10-28 01:29:39,4.1732238
2025-10-28 02:09:58,4.1742856
2025-10-28 02:50:17,4.1883198
2025-10-28 03:30:36,4.1081525
2025-10-28 04:10:55,4.3631551
2025-10-28 04:51:14,10.5934293
2025-10-28 05:31:33,5.2744171
2025-10-28 06:11:52,8.6430756
2025-10-28 06:52:11,8.6521234
2025-10-28 07:32:30,9.5327758
2025-10-28 08:12:49,318.768716
2025-10-28 08:53:08,742.825484
2025-10-28 09:33:27,2581.6046181
2025-10-28 10:13:46,406.8207743
2025-10-28 10:54:05,240.7011052
2025-10-28 11:34:24,9.0879962
2025-10-28 12:14:43,9.3012232
2025-10-28 12:55:02,10.7808371
2025-10-28 13:35:21,10.7202818
2025-10-28 14:15:40,13.4966943
2025-10-28 14:55:59,13.3857593
2025-10-28 15:36:18,14.7492966
2025-10-28 16:16:37,14.8816641
2025-10-28 16:56:56,14.7116356
2025-10-28 17:37:15,13.9249659
2025-10-28 18:17:34,2297.0135255
2025-10-28 18:57:53,650.1511047
2025-10-28 19:38:12,705.7784726
2025-10-28 20:18:31,738.1460649
2025-10-28 20:58:50,401.5053364
2025-10-28 21:39:09,4.1673237
2025-10-28 22:19:28,4.1678308
2025-10-28 22:59:47,4.1916476
2025-10-28 23:40:06,4.3266364
2025-10-29 00:20:25,4.4031351
2025-10-29 01:00:44,3.9437833
2025-10-29 01:41:03,4.057166
2025-10-29 02:21:22,3.9565932
2025-10-29 03:01:41,3.9541685
2025-10-29 03:42:00,4.0254186
2025-10-29 04:22:19,3.9036245
2025-10-29 05:02:38,4.0753894
2025-10-29 05:42:57,322.1629077
2025-10-29 06:23:16,18.6639198
2025-10-29 07:03:35,1244.6359493
2025-10-29 07:43:54,1215.205295
2025-10-29 08:24:13,1597.9418269
2025-10-29 09:04:32,1820.4422187
2025-10-29 09:44:51,2644.9441058
2025-10-29 10:25:10,614.7632298
2025-10-29 11:05:29,63.1450386
2025-10-29 11:45:48,55.4178358
2025-10-29 12:26:07,29.6469953
2025-10-29 13:06:26,7.7285363
2025-10-29 13:46:45,20.2546909
2025-10-29 14:27:04,7.8047579
2025-10-29 15:07:23,8.5994307
2025-10-29 15:47:42,8.2598416
2025-10-29 16:28:01,8.6100589
2025-10-29 17:08:20,48.4851188
2025-10-29 17:48:39,9.3970718
2025-10-29 18:28:58,13.0339729
2025-10-29 19:09:17,1701.8160302
2025-10-29 19:49:36,434.964055
2025-10-29 20:29:55,716.8125944
2025-10-29 21:10:14,5485.8907854
2025-10-29 21:50:33,1253.2040966
2025-10-29 22:30:52,11.2209849
2025-10-29 23:11:11,10.3893585
2025-10-29 23:51:30,5.5600423
2025-10-30 00:31:49,4.8043818
2025-10-30 01:12:08,519.8969793
2025-10-30 01:52:27,4.9062268
2025-10-30 02:32:46,5.3979323
2025-10-30 03:13:05,4.8681038
2025-10-30 03:53:24,4.9144206
2025-10-30 04:33:43,5.4101104
2025-10-30 05:14:02,10.8123911
2025-10-30 05:54:21,8.5261343
2025-10-30 06:34:40,10.3902618
2025-10-30 07:14:59,9.7108391
2025-10-30 07:55:18,11.6400172
2025-10-30 08:35:37,9.9296636
2025-10-30 09:15:56,12.7470099
2025-10-30 09:56:15,543.8125969
2025-10-30 10:36:34,1432.4062128
2025-10-30 11:16:53,625.6509255
2025-10-30 11:57:12,204.2893587
2025-10-30 12:37:31,1057.961681
2025-10-30 13:17:50,22.3581182
2025-10-30 13:58:09,15.9585943
2025-10-30 14:38:28,15.1199993
2025-10-30 15:18:47,15.6656281
2025-10-30 15:59:06,11.0462834
2025-10-30 16:39:25,97.1167211
2025-10-30 17:19:44,887.2928313
2025-10-30 18:00:03,1.996547
2025-10-30 18:40:22,10.0241089
2025-10-30 19:20:41,15.4858053
2025-10-30 20:01:00,38.4079286
2025-10-30 20:41:19,4.4548857
2025-10-30 21:21:38,4.0218488
2025-10-30 22:01:57,3.9479051
2025-10-30 22:42:16,3.9116315
2025-10-30 23:22:35,3.8866954
2025-10-31 00:02:54,3.9510249
2025-10-31 00:43:13,4.1096694
2025-10-31 01:23:32,3.6568262
2025-10-31 02:03:51,3.8420444
2025-10-31 02:44:10,3.6671572
2025-10-31 03:24:29,3.584488
2025-10-31 04:04:48,3.7001281
2025-10-31 04:45:07,3.5587598
2025-10-31 05:25:26,23.4428893
2025-10-31 06:05:45,691.390607
2025-10-31 06:46:04,8.760944
2025-10-31 07:26:23,8.7693683
2025-10-31 08:06:42,9.7473921
2025-10-31 08:47:01,9.175453
2025-10-31 09:27:20,8.7875339
2025-10-31 10:07:39,9.3106564
2025-10-31 10:47:58,3455.0103156
2025-10-31 11:28:17,7230.6908611
2025-10-31 12:08:36,6713.1215741
2025-10-31 12:48:55,875.1939079
2025-10-31 13:29:14,9.6110983
2025-10-31 14:09:33,8.676457
2025-10-31 14:49:52,8.5428408
2025-10-31 15:30:11,8.5785635
2025-10-31 16:10:30,8.8084413
2025-10-31 16:50:49,21.3821906
2025-10-31 17:31:08,102.1374404
2025-10-31 18:11:27,62.2150685
2025-10-31 18:51:46,15.2453147
2025-10-31 19:32:05,15.1185516
2025-10-31 20:12:24,14.5513873
2025-10-31 20:52:43,11.8046931
2025-10-31 21:33:02,24.2294124
2025-10-31 22:13:21,4.2454316
2025-10-31 22:53:40,4.2581796
2025-10-31 23:33:59,4.2369625
2025-11-01 00:14:18,4.3014745
2025-11-01 00:54:37,4.3004727
2025-11-01 01:34:56,4.2370375
2025-11-01 02:15:15,4.2351955
2025-11-01 02:55:34,4.2417272
2025-11-01 03:35:53,4.1734895
2025-11-01 04:16:12,4.2720382
2025-11-01 04:56:31,4.2893093
2025-11-01 05:36:50,11.3628409
2025-11-01 06:17:09,8.7587209
2025-11-01 06:57:28,12.1284765
2025-11-01 07:37:47,590.7900768
2025-11-01 08:18:06,91.740474
2025-11-01 08:58:25,8.2890372
2025-11-01 09:38:44,8.3808925
2025-11-01 10:19:03,7.7685547
2025-11-01 10:59:22,8.17019
2025-11-01 11:39:41,8.3092263
2025-11-01 12:20:00,194.2012341
2025-11-01 13:00:19,2103.3452632
2025-11-01 13:40:38,5840.7876489
2025-11-01 14:20:57,162.5496747
2025-11-01 15:01:16,8.4902557
2025-11-01 15:41:35,7.4501445
2025-11-01 16:21:54,6.8620374
2025-11-01 17:02:13,7.7120341
2025-11-01 17:42:32,8.0667648
2025-11-01 18:22:51,7.4872424
2025-11-01 19:03:10,7.2958414
2025-11-01 19:43:29,7.6932644
2025-11-01 20:23:48,5.672737
2025-11-01 21:04:07,4.2056543
2025-11-01 21:44:26,4.2666657
2025-11-01 22:24:45,4.3426065
2025-11-01 23:05:04,4.3605778
2025-11-01 23:45:23,4.3116591
2025-11-02 00:25:42,4.2374803
2025-11-02 01:06:01,4.3351113
2025-11-02 01:46:20,4.407151
2025-11-02 02:26:39,4.1486004
2025-11-02 03:06:58,3.892479
2025-11-02 03:47:17,4.1134223
2025-11-02 04:27:36,3.9413193
2025-11-02 05:07:55,5.0638445
2025-11-02 05:48:14,7.5975195
2025-11-02 06:28:33,7.4490931
2025-11-02 07:08:52,7.9307221
2025-11-02 07:49:11,8.2418124
2025-11-02 08:29:30,7.4855836
2025-11-02 09:09:49,7.8964895
2025-11-02 09:50:08,7.6502813
2025-11-02 10:30:27,7.3640821
2025-11-02 11:10:46,7.5613536
2025-11-02 11:51:05,7.089816
2025-11-02 12:31:24,7.8970002
2025-11-02 13:11:43,7.1902184
2025-11-02 13:52:02,7.4042146
2025-11-02 14:32:21,7.6212012
2025-11-02 15:12:40,8.0045658
2025-11-02 15:52:59,7.3392951
2025-11-02 16:33:18,8.0542857
2025-11-02 17:13:37,7.7612433
2025-11-02 17:53:56,8.0110152
2025-11-02 18:34:15,6.4373602
2025-11-02 19:14:34,7.0884461
2025-11-02 19:54:53,7.9106781
2025-11-02 20:35:12,4.5179964
2025-11-02 21:15:31,4.0167617
2025-11-02 21:55:50,3.8635701
2025-11-02 22:36:09,16.6738794
2025-11-02 23:16:28,4.0312622
2025-11-02 23:56:47,3.9350462
2025-11-03 00:37:06,4.0428818
2025-11-03 01:17:25,3.8834897
2025-11-03 01:57:44,4.0143414
2025-11-03 02:38:03,4.1538004
2025-11-03 03:18:22,3.9298906
2025-11-03 03:58:41,4.2840966
2025-11-03 04:39:00,4.0296532
2025-11-03 05:19:19,5.0168467
2025-11-03 05:59:38,8.4907443
2025-11-03 06:39:57,608.3543751
2025-11-03 07:20:16,1969.1637281
2025-11-03 08:00:35,1909.6657924
2025-11-03 08:40:54,1754.7882288
2025-11-03 09:21:13,2496.4986397
2025-11-03 10:01:32,1185.3417234
2025-11-03 10:41:51,10.1053832
2025-11-03 11:22:10,8.5804331
2025-11-03 12:02:29,8.4088089
2025-11-03 12:42:48,8.283942
2025-11-03 13:23:07,8.2799341
2025-11-03 14:03:26,8.2075953
2025-11-03 14:43:45,8.1953941
2025-11-03 15:24:04,8.2704727
2025-11-03 16:04:23,8.196738
2025-11-03 16:44:42,8.303881
2025-11-03 17:25:01,8.265937
2025-11-03 18:05:20,8.233448
2025-11-03 18:45:39,8.2699014
2025-11-03 19:25:58,8.2318603
2025-11-03 20:06:17,7.2983979
2025-11-03 20:46:36,770.939731
2025-11-03 21:26:55,4.2096101
2025-11-03 22:07:14,3.9999641
2025-11-03 22:47:33,3.9278818
2025-11-03 23:27:52,3.8993198
2025-11-04 00:08:11,3.9397856
2025-11-04 00:48:30,3.8826461
2025-11-04 01:28:49,4.7754149
2025-11-04 02:09:08,3.9225547
2025-11-04 02:49:27,3.9300785
2025-11-04 03:29:46,3.8638914
2025-11-04 04:10:05,3.9408144
2025-11-04 04:50:24,3.9915327
2025-11-04 05:30:43,11.512876
2025-11-04 06:11:02,11.9602631
2025-11-04 06:51:21,2582.9392495
2025-11-04 07:31:40,76.9063572
2025-11-04 08:11:59,9.8010597
2025-11-04 08:52:18,1652.5666976
2025-11-04 09:32:37,1641.9566149
2025-11-04 10:12:56,9.7348709
2025-11-04 10:53:15,9.4557058
2025-11-04 11:33:34,9.102184
2025-11-04 12:13:53,569.7470208
2025-11-04 12:54:12,1734.3866876
2025-11-04 13:34:31,9.3785231
2025-11-04 14:14:50,8.8989402
2025-11-04 14:55:09,9.5087282
2025-11-04 15:35:28,10.5241711
2025-11-04 16:15:47,8.1901892
2025-11-04 16:56:06,8.5488288
2025-11-04 17:36:25,8.5763364
2025-11-04 18:16:44,8.2278113
2025-11-04 18:57:03,8.5534221
2025-11-04 19:37:22,8.5875235
2025-11-04 20:17:41,6.5549043
2025-11-04 20:58:00,4.0938405
2025-11-04 21:38:19,4.2024727
2025-11-04 22:18:38,4.0586066
2025-11-04 22:58:57,4.1030673
2025-11-04 23:39:16,1205.246782
2025-11-05 00:19:35,4.1913884
2025-11-05 00:59:54,4.2052418
2025-11-05 01:40:13,4.3064568
2025-11-05 02:20:32,4.1223163
2025-11-05 03:00:51,4.119056
2025-11-05 03:41:10,4.2340611
2025-11-05 04:21:29,4.0808501
2025-11-05 05:01:48,10.7320303
2025-11-05 05:42:07,7.8767484
2025-11-05 06:22:26,8.8142351
2025-11-05 07:02:45,8.8686129
2025-11-05 07:43:04,872.1622073
2025-11-05 08:23:23,9.2697671
2025-11-05 09:03:42,9.5149602
2025-11-05 09:44:01,8.8111945
2025-11-05 10:24:20,12.8564799
2025-11-05 11:04:39,401.5827568
2025-11-05 11:44:58,1936.6282292
2025-11-05 12:25:17,7028.2881962
2025-11-05 13:05:36,48.4223977
2025-11-05 13:45:55,9.1960401
2025-11-05 14:26:14,9.6083462
2025-11-05 15:06:33,9.7043271
2025-11-05 15:46:52,9.61444
2025-11-05 16:27:11,9.6095379
2025-11-05 17:07:30,9.6246749
2025-11-05 17:47:49,9.5884239
2025-11-05 18:28:08,99.9366135
2025-11-05 19:08:27,9.36079
2025-11-05 19:48:46,9.2651268
2025-11-05 20:29:05,6.3989459
2025-11-05 21:09:24,20.839133
2025-11-05 21:49:43,5.3514068
2025-11-05 22:30:02,4.5102511
2025-11-05 23:10:21,4.2412097
2025-11-05 23:50:40,4.2390203
2025-11-06 00:30:59,4.1279975
2025-11-06 01:11:18,4.131425
2025-11-06 01:51:37,4.1186841
2025-11-06 02:31:56,4.0701828
2025-11-06 03:12:15,4.1800739
2025-11-06 03:52:34,4.2173343
2025-11-06 04:32:53,4.0737437
2025-11-06 05:13:12,9.2862671
2025-11-06 05:53:31,9.8816673
2025-11-06 06:33:50,649.1894292
2025-11-06 07:14:09,675.4824819
2025-11-06 07:54:28,642.6956314
2025-11-06 08:34:47,465.0562998
2025-11-06 09:15:06,727.5845888
2025-11-06 09:55:25,1972.3422968
2025-11-06 10:35:44,332.7031936
2025-11-06 11:16:03,339.3057203
2025-11-06 11:56:22,1075.7666348
2025-11-06 12:36:41,891.0701523
2025-11-06 13:17:00,9.1336623
2025-11-06 13:57:19,8.4409975
2025-11-06 14:37:38,8.5582525
2025-11-06 15:17:57,7.9470038
2025-11-06 15:58:16,8.4002438
2025-11-06 16:38:35,384.1086774
2025-11-06 17:18:54,665.8109653
2025-11-06 17:59:13,8578.203539
2025-11-06 18:39:32,2866.6182709
2025-11-06 19:19:51,10.7624168
2025-11-06 20:00:10,10.8402343
2025-11-06 20:40:29,6.7963741
2025-11-06 21:20:48,5.5405522
2025-11-06 22:01:07,4.5238962
2025-11-06 22:41:26,4.2993709
2025-11-06 23:21:45,4.1156466
2025-11-07 00:02:04,4.1736507
2025-11-07 00:42:23,4.2023288
2025-11-07 01:22:42,4.601716
2025-11-07 02:03:01,4.3397334
2025-11-07 02:43:20,4.0132634
2025-11-07 03:23:39,3.879545
2025-11-07 04:03:58,3.9822428
2025-11-07 04:44:17,3.94592
2025-11-07 05:24:36,8.5954765
2025-11-07 06:04:55,8.6351316
2025-11-07 06:45:14,519.936715
2025-11-07 07:25:33,638.3916681
2025-11-07 08:05:52,534.5540863
2025-11-07 08:46:11,1646.8187088
2025-11-07 09:26:30,924.6500803
2025-11-07 10:06:49,1018.3903341
2025-11-07 10:47:08,15.3871356
2025-11-07 11:27:27,10.9994991
2025-11-07 12:07:46,63.397425
2025-11-07 12:48:05,500.8548949
2025-11-07 13:28:24,12.2093924
2025-11-07 14:08:43,12.7938564
2025-11-07 14:49:02,11.647016
2025-11-07 15:29:21,11.61075
2025-11-07 16:09:40,123.267056
2025-11-07 16:49:59,1864.1556876
2025-11-07 17:30:18,457.5140312
2025-11-07 18:10:37,2823.9501443
2025-11-07 18:50:56,6306.5456132
2025-11-07 19:31:15,1691.548846
2025-11-07 20:11:34,3293.8038639
2025-11-07 20:51:53,637.4370681
2025-11-07 21:32:12,558.9114066
2025-11-07 22:12:31,5.2792035
2025-11-07 22:52:50,4.6122884
2025-11-07 23:33:09,4.2139066
2025-11-08 00:13:28,4.2892348
2025-11-08 00:53:47,4.2648507
2025-11-08 01:34:06,221.1964064
2025-11-08 02:14:25,4.2977012
2025-11-08 02:54:44,4.3524045
2025-11-08 03:35:03,4.2434904
2025-11-08 04:15:22,4.3290345
2025-11-08 04:55:41,12.811467
2025-11-08 05:36:00,7.6519579
2025-11-08 06:16:19,11.6899644
2025-11-08 06:56:38,8.2520443
2025-11-08 07:36:57,20.3229639
2025-11-08 08:17:16,8.9893326
2025-11-08 08:57:35,8.2296471
2025-11-08 09:37:54,8.2325385
2025-11-08 10:18:13,8.6004846
2025-11-08 10:58:32,157.7340153
2025-11-08 11:38:51,400.0634217
2025-11-08 12:19:10,243.6762723
2025-11-08 12:59:29,198.9265297
2025-11-08 13:39:48,751.6543474
2025-11-08 14:20:07,466.7306899
2025-11-08 15:00:26,569.9169066
2025-11-08 15:40:45,433.6763835
2025-11-08 16:21:04,25.069249
2025-11-08 17:01:23,512.7708501
2025-11-08 17:41:42,11.8776656
2025-11-08 18:22:01,754.7750099
2025-11-08 19:02:20,1071.5496931
2025-11-08 19:42:39,360.4174196
2025-11-08 20:22:58,6.960129
2025-11-08 21:03:17,4.6749392
2025-11-08 21:43:36,4.2577924
2025-11-08 22:23:55,4.1546232
2025-11-08 23:04:14,4.1405805
2025-11-08 23:44:33,4.2306212
2025-11-09 00:24:52,4.2313632
2025-11-09 01:05:11,4.1526267
2025-11-09 01:45:30,4.2376935
2025-11-09 02:25:49,4.1638261
2025-11-09 03:06:08,4.1374973
2025-11-09 03:46:27,4.1509548
2025-11-09 04:26:46,4.0921552
2025-11-09 05:07:05,4.3779453
2025-11-09 05:47:24,7.2328028
2025-11-09 06:27:43,9.0553288
2025-11-09 07:08:02,8.7911882
2025-11-09 07:48:21,8.8731075
2025-11-09 08:28:40,8.0521442
2025-11-09 09:08:59,12.8303376
2025-11-09 09:49:18,438.3572952
2025-11-09 10:29:37,8.5451385
2025-11-09 11:09:56,12.6922686
2025-11-09 11:50:15,8.5816342
2025-11-09 12:30:34,14.8213616
2025-11-09 13:10:53,8.5784384
2025-11-09 13:51:12,10.4786502
2025-11-09 14:31:31,11.4398668
2025-11-09 15:11:50,11.3143865
2025-11-09 15:52:09,10.2507728
2025-11-09 16:32:28,721.7456122
2025-11-09 17:12:47,34.362592
2025-11-09 17:53:06,934.8629507
2025-11-09 18:33:25,370.8968694
2025-11-09 19:13:44,2101.8175209
2025-11-09 19:54:03,640.9573277
2025-11-09 20:34:22,415.2788377
2025-11-09 21:14:41,4.4047919
2025-11-09 21:55:00,4.2366087
2025-11-09 22:35:19,4.1938294
2025-11-09 23:15:38,4.1474463
2025-11-09 23:55:57,4.1696654
2025-11-10 00:36:16,4.1106222
2025-11-10 01:16:35,4.1515103
2025-11-10 01:56:54,4.178966
2025-11-10 02:37:13,4.1384524
2025-11-10 03:17:32,4.1570376
2025-11-10 03:57:51,4.1677492
2025-11-10 04:38:10,8.5939591
2025-11-10 05:18:29,4.5888355
2025-11-10 05:58:48,321.6800725
2025-11-10 06:39:07,2223.7408437
2025-11-10 07:19:26,291.3685012
2025-11-10 07:59:45,284.5399127
2025-11-10 08:40:04,345.5724568
2025-11-10 09:20:23,694.7155788
2025-11-10 10:00:42,672.1716212
2025-11-10 10:41:01,628.5907163
2025-11-10 11:21:20,417.1536217
2025-11-10 12:01:39,8.6647701
2025-11-10 12:41:58,7.5656508
2025-11-10 13:22:17,8.3198682
2025-11-10 14:02:36,8.2675105
2025-11-10 14:42:55,8.2951841
2025-11-10 15:23:14,8.3081704
2025-11-10 16:03:33,8.2836761
2025-11-10 16:43:52,8.26025
2025-11-10 17:24:11,8.3307749
2025-11-10 18:04:30,7.9616107
2025-11-10 18:44:49,8.2852132
2025-11-10 19:25:08,8.3673178
2025-11-10 20:05:27,225.0277033
2025-11-10 20:45:46,1489.2956159
2025-11-10 21:26:05,4.0340395
2025-11-10 22:06:24,3.8926942
2025-11-10 22:46:43,3.8261386
2025-11-10 23:27:02,3.9241209
2025-11-11 00:07:21,3.8920027
2025-11-11 00:47:40,3.8077514
2025-11-11 01:27:59,4.0609526
2025-11-11 02:08:18,3.90136
2025-11-11 02:48:37,3.8529799
2025-11-11 03:28:56,4.0116438
2025-11-11 04:09:15,3.9118778
2025-11-11 04:49:34,3.831883
2025-11-11 05:29:53,10.3591348
2025-11-11 06:10:12,11.2091595
2025-11-11 06:50:31,9.2086385
2025-11-11 07:30:50,12.3167178
2025-11-11 08:11:09,501.7856038
2025-11-11 08:51:28,10.5134782
2025-11-11 09:31:47,10.7472165
2025-11-11 10:12:06,11.345731
2025-11-11 10:52:25,10.4841426
2025-11-11 11:32:44,8.55613
2025-11-11 12:13:03,186.3833776
2025-11-11 12:53:22,9.7532897
2025-11-11 13:33:41,10.1566727
2025-11-11 14:14:00,10.9234873
2025-11-11 14:54:19,10.3088301
2025-11-11 15:34:38,8.6393908
2025-11-11 16:14:57,8.6260076
2025-11-11 16:55:16,8.5674142
2025-11-11 17:35:35,8.4879053
2025-11-11 18:15:54,8.5672577
2025-11-11 18:56:13,8.5745037
2025-11-11 19:36:32,7070.6266921
2025-11-11 20:16:51,4565.8257493
2025-11-11 20:57:10,427.157008
2025-11-11 21:37:29,4.1801086
2025-11-11 22:17:48,4.2129896
2025-11-11 22:58:07,4.183674
2025-11-11 23:38:26,4.1091058
2025-11-12 00:18:45,4.1854864
2025-11-12 00:59:04,4.1105683
2025-11-12 01:39:23,5.0676609
2025-11-12 02:19:42,6.7508913
2025-11-12 03:00:01,5.4226587
2025-11-12 03:40:20,4.0431922
2025-11-12 04:20:39,3.8840162
2025-11-12 05:00:58,11.3221035
2025-11-12 05:41:17,7.5370597
2025-11-12 06:21:36,10.1317139
2025-11-12 07:01:55,200.1837558
2025-11-12 07:42:14,535.0230834
2025-11-12 08:22:33,565.4743907
2025-11-12 09:02:52,414.3585
2025-11-12 09:43:11,307.3136065
2025-11-12 10:23:30,230.7164258
2025-11-12 11:03:49,1711.6981015
2025-11-12 11:44:08,172.3470828
2025-11-12 12:24:27,1344.1627269
2025-11-12 13:04:46,1226.7672353
2025-11-12 13:45:05,502.79396
2025-11-12 14:25:24,734.160695
2025-11-12 15:05:43,1198.4099961
2025-11-12 15:46:02,515.7092281
2025-11-12 16:26:21,574.691392
2025-11-12 17:06:40,26.6660782
2025-11-12 17:46:59,19.4969192
2025-11-12 18:27:18,12.4142782
2025-11-12 19:07:37,44.6898324
2025-11-12 19:47:56,888.5597716
2025-11-12 20:28:15,815.9553518
2025-11-12 21:08:34,4051.2143535
2025-11-12 21:48:53,1711.9832584
2025-11-12 22:29:12,7.6419473
2025-11-12 23:09:31,4.7876842
2025-11-12 23:49:50,4.9543773
2025-11-13 00:30:09,6.9063603
2025-11-13 01:10:28,5.6435372
2025-11-13 01:50:47,5.0097098
2025-11-13 02:31:06,4.5447953
2025-11-13 03:11:25,4.6164463
2025-11-13 03:51:44,4.4619603
2025-11-13 04:32:03,11.0014363
2025-11-13 05:12:22,7.3970093
2025-11-13 05:52:41,8.9369035
2025-11-13 06:33:00,2050.8330918
2025-11-13 07:13:19,277.7795931
2025-11-13 07:53:38,633.432597
2025-11-13 08:33:57,376.1031693
2025-11-13 09:14:16,10.6186692
2025-11-13 09:54:35,12.2102212
2025-11-13 10:34:54,18.5709463
2025-11-13 11:15:13,9.7194497
2025-11-13 11:55:32,17.7608226
2025-11-13 12:35:51,811.6896413
2025-11-13 13:16:10,10.0010292
2025-11-13 13:56:29,10.1797456
2025-11-13 14:36:48,12.4928427
2025-11-13 15:17:07,766.5847767
2025-11-13 15:57:26,2199.7345061
2025-11-13 16:37:45,3215.4989643
2025-11-13 17:18:04,635.3288069
2025-11-13 17:58:23,9.5686769
2025-11-13 18:38:42,10.3181784
2025-11-13 19:19:01,10.6625887
2025-11-13 19:59:20,10.7439756
2025-11-13 20:39:39,6.6172698
2025-11-13 21:19:58,6.3001848
2025-11-13 22:00:17,6.4329537
2025-11-13 22:40:36,4.9531234
2025-11-13 23:20:55,4.0007828
2025-11-14 00:01:14,4.0373496
2025-11-14 00:41:33,4.0230143
2025-11-14 01:21:52,3.9701595
2025-11-14 02:02:11,3.9917247
2025-11-14 02:42:30,4.1326019
2025-11-14 03:22:49,3.9891954
2025-11-14 04:03:08,3.9970498
2025-11-14 04:43:27,4.0705087
2025-11-14 05:23:46,7.3447457
2025-11-14 06:04:05,8.1273309
2025-11-14 06:44:24,8.4759204
2025-11-14 07:24:43,1505.4121613
2025-11-14 08:05:02,175.3544562
2025-11-14 08:45:21,409.1709982
2025-11-14 09:25:40,942.6914576
2025-11-14 10:05:59,501.4305904
2025-11-14 10:46:18,1763.05399
2025-11-14 11:26:37,717.4147028
2025-11-14 12:06:56,263.4614101
2025-11-14 12:47:15,1745.4188009
2025-11-14 13:27:34,1706.2231008
2025-11-14 14:07:53,1109.6878524
2025-11-14 14:48:12,1994.1404402
2025-11-14 15:28:31,749.2214908
2025-11-14 16:08:50,1651.0576689
2025-11-14 16:49:09,17.3268555
2025-11-14 17:29:28,7.9823024
2025-11-14 18:09:47,8.1370159
2025-11-14 18:50:06,8.4004363
2025-11-14 19:30:25,8.1080716
2025-11-14 20:10:44,81.1961308
2025-11-14 20:51:03,743.2489893
2025-11-14 21:31:22,13.435152
2025-11-14 22:11:41,4.355762
2025-11-14 22:52:00,4.0244856
2025-11-14 23:32:19,3.936541
2025-11-15 00:12:38,3.9999492
2025-11-15 00:52:57,4.234292
2025-11-15 01:33:16,3.9939707
2025-11-15 02:13:35,4.0101869
2025-11-15 02:53:54,4.1298364
2025-11-15 03:34:13,3.996708
2025-11-15 04:14:32,4.0547813
2025-11-15 04:54:51,3.9739978
2025-11-15 05:35:10,12.3902527
2025-11-15 06:15:29,8.1862644
2025-11-15 06:55:48,10.5036943
2025-11-15 07:36:07,187.3922416
2025-11-15 08:16:26,666.8848185
2025-11-15 08:56:45,15.9625084
2025-11-15 09:37:04,9.4291306
2025-11-15 10:17:23,8.0521121
2025-11-15 10:57:42,8.1166222
2025-11-15 11:38:01,8.3906674
2025-11-15 12:18:20,8.3912291
2025-11-15 12:58:39,8.4205765
2025-11-15 13:38:58,43.3523914
2025-11-15 14:19:17,414.385473
2025-11-15 14:59:36,597.9966641
2025-11-15 15:39:55,8.4740717
2025-11-15 16:20:14,8.4871083
2025-11-15 17:00:33,10.7900821
2025-11-15 17:40:52,10.4748685
2025-11-15 18:21:11,11.3864122
2025-11-15 19:01:30,39.1609708
2025-11-15 19:41:49,655.6296182
2025-11-15 20:22:08,81.340236
2025-11-15 21:02:27,116.0055301
2025-11-15 21:42:46,4.6300117
2025-11-15 22:23:05,4.6210263
2025-11-15 23:03:24,4.6260635
2025-11-15 23:43:43,4.2910017
2025-11-16 00:24:02,4.1113751
2025-11-16 01:04:21,4.181854
2025-11-16 01:44:40,4.216895
2025-11-16 02:24:59,4.3399843
2025-11-16 03:05:18,4.476042
2025-11-16 03:45:37,4.4370373
2025-11-16 04:25:56,4.2691319
2025-11-16 05:06:15,7.9375226
2025-11-16 05:46:34,6.6132608
2025-11-16 06:26:53,36.9705978
2025-11-16 07:07:12,8.4751856
2025-11-16 07:47:31,8.0440542
2025-11-16 08:27:50,8.006839
2025-11-16 09:08:09,8.4452118
2025-11-16 09:48:28,8.0492178
2025-11-16 10:28:47,8.3691046
2025-11-16 11:09:06,8.3606558
2025-11-16 11:49:25,8.3719825
2025-11-16 12:29:44,8.4126511
2025-11-16 13:10:03,8.4210632
2025-11-16 13:50:22,8.5199516
2025-11-16 14:30:41,8.4126268
2025-11-16 15:11:00,8.1500177
2025-11-16 15:51:19,8.1252823
2025-11-16 16:31:38,8.4153401
2025-11-16 17:11:57,7.3634986
2025-11-16 17:52:16,8.2566746
2025-11-16 18:32:35,7.9277278
2025-11-16 19:12:54,8.3928002
2025-11-16 19:53:13,8.4590504
2025-11-16 20:33:32,4.7129521
2025-11-16 21:13:51,4.0731281
2025-11-16 21:54:10,4.0699439
2025-11-16 22:34:29,3.9532993
2025-11-16 23:14:48,4.0329177
2025-11-16 23:55:07,4.007227
2025-11-17 00:35:26,3.9949625
2025-11-17 01:15:45,4.0250828
2025-11-17 01:56:04,4.3164119
2025-11-17 02:36:23,3.7970962
2025-11-17 03:16:42,3.912377
2025-11-17 03:57:01,3.9051631
2025-11-17 04:37:20,6.5309045
2025-11-17 05:17:39,3.7829051
2025-11-17 05:57:58,7.2705361
2025-11-17 06:38:17,8.83534
2025-11-17 07:18:36,99.5867909
2025-11-17 07:58:55,9.3648794
2025-11-17 08:39:14,9.1263492
2025-11-17 09:19:33,9.245471
2025-11-17 09:59:52,9.1805636
2025-11-17 10:40:11,9.2114214
2025-11-17 11:20:30,9.1432839
2025-11-17 12:00:49,9.1028872
2025-11-17 12:41:08,9.1678737
2025-11-17 13:21:27,8.6034631
2025-11-17 14:01:46,8.0832231
2025-11-17 14:42:05,8.0625171
2025-11-17 15:22:24,7.9918307
2025-11-17 16:02:43,7.9079597
2025-11-17 16:43:02,7.6386705
2025-11-17 17:23:21,7.6714808
2025-11-17 18:03:40,7.2655157
2025-11-17 18:43:59,6.4943259
2025-11-17 19:24:18,6.4393058
2025-11-17 20:04:37,416.7257312
2025-11-17 20:44:56,275.1200734
2025-11-17 21:25:15,4.2338535
2025-11-17 22:05:34,4.0549937
2025-11-17 22:45:53,3.9194814
2025-11-17 23:26:12,4.2245618
2025-11-18 00:06:31,3.8503455
2025-11-18 00:46:50,4.1778326
2025-11-18 01:27:09,4.4768241
2025-11-18 02:07:28,4.0003858
2025-11-18 02:47:47,4.0051621
2025-11-18 03:28:06,4.2734056
2025-11-18 04:08:25,4.1488679
2025-11-18 04:48:44,3.9740401
2025-11-18 05:29:03,10.6819427
2025-11-18 06:09:22,8.9827829
2025-11-18 06:49:41,15.5068217
2025-11-18 07:30:00,7.8899188
2025-11-18 08:10:19,9.0573119
2025-11-18 08:50:38,9.0450627
2025-11-18 09:30:57,9.4573968
2025-11-18 10:11:16,8.9756878
2025-11-18 10:51:35,8.9545435
2025-11-18 11:31:54,9.2239158
2025-11-18 12:12:13,85.5289823
2025-11-18 12:52:32,1033.1826231
2025-11-18 13:32:51,9.8935343
2025-11-18 14:13:10,10.4778248
2025-11-18 14:53:29,10.1670582
2025-11-18 15:33:48,10.4174606
2025-11-18 16:14:07,241.4892214
2025-11-18 16:54:26,1222.8816718
2025-11-18 17:34:45,8.4781323
2025-11-18 18:15:04,8.4453085
2025-11-18 18:55:23,8.4605314
2025-11-18 19:35:42,8.4988657
2025-11-18 20:16:01,250.046288
2025-11-18 20:56:20,194.6010025
2025-11-18 21:36:39,4.4088521
2025-11-18 22:16:58,3.7026367
2025-11-18 22:57:17,3.6655661
2025-11-18 23:37:36,3.8567631
2025-11-19 00:17:55,3.8248266
2025-11-19 00:58:14,3.7137312
2025-11-19 01:38:33,3.8180953
2025-11-19 02:18:52,3.7426375
2025-11-19 02:59:11,3.6693911
2025-11-19 03:39:30,3.7434685
2025-11-19 04:19:49,3.7859967
2025-11-19 05:00:08,9.0746235
2025-11-19 05:40:27,5.6307721
2025-11-19 06:20:46,391.9557256
2025-11-19 07:01:05,1818.0528687
2025-11-19 07:41:24,625.9294075
2025-11-19 08:21:43,343.2098583
2025-11-19 09:02:02,579.7342535
2025-11-19 09:42:21,329.4435905
2025-11-19 10:22:40,185.6927918
2025-11-19 11:02:59,11.5680876
2025-11-19 11:43:18,63.3318729
2025-11-19 12:23:37,194.9823757
2025-11-19 13:03:56,218.66903
2025-11-19 13:44:15,11.0468151
2025-11-19 14:24:34,10.7582152
2025-11-19 15:04:53,10.7984662
2025-11-19 15:45:12,10.3748982
2025-11-19 16:25:31,52.0576272
2025-11-19 17:05:50,919.5563409
2025-11-19 17:46:09,505.428417
2025-11-19 18:26:28,1799.5525828
2025-11-19 19:06:47,2128.0835608
2025-11-19 19:47:06,3551.3073784
2025-11-19 20:27:25,1981.2214747
2025-11-19 21:07:44,235.3531445
2025-11-19 21:48:03,84.5594312
2025-11-19 22:28:22,50.6019093
2025-11-19 23:08:41,6.5712023
2025-11-19 23:49:00,4.1166932
2025-11-20 00:29:19,4.2543545
2025-11-20 01:09:38,88.51701
2025-11-20 01:49:57,4.0515303
2025-11-20 02:30:16,4.2095836
2025-11-20 03:10:35,4.2012003
2025-11-20 03:50:54,4.4415242
2025-11-20 04:31:13,4.0953173
2025-11-20 05:11:32,349.1427377
2025-11-20 05:51:51,8.4659935
2025-11-20 06:32:10,1716.6163371
2025-11-20 07:12:29,1654.9949602
2025-11-20 07:52:48,993.7790102
2025-11-20 08:33:07,110.0689517
2025-11-20 09:13:26,436.912457
2025-11-20 09:53:45,1815.083177
2025-11-20 10:34:04,526.1471972
2025-11-20 11:14:23,616.9401307
2025-11-20 11:54:42,555.2296215
2025-11-20 12:35:01,953.2068347
2025-11-20 13:15:20,681.3214877
2025-11-20 13:55:39,10.2757333
2025-11-20 14:35:58,9.1438444
2025-11-20 15:16:17,9.3288411
2025-11-20 15:56:36,10.5405637
2025-11-20 16:36:55,11.8759791
2025-11-20 17:17:14,17.4024849
2025-11-20 17:57:33,17.7053243
2025-11-20 18:37:52,10.0660428
2025-11-20 19:18:11,9.411651
2025-11-20 19:58:30,9.0084532
2025-11-20 20:38:49,208.9273545
2025-11-20 21:19:08,4.6870191
2025-11-20 21:59:27,4.1159632
2025-11-20 22:39:46,4.2407366
2025-11-20 23:20:05,20.5972886
2025-11-21 00:00:24,4.0768116
2025-11-21 00:40:43,4.1598212
2025-11-21 01:21:02,4.222946
2025-11-21 02:01:21,4.168869
2025-11-21 02:41:40,4.1928192
2025-11-21 03:21:59,4.2714397
2025-11-21 04:02:18,4.078411
2025-11-21 04:42:37,4.2474768
2025-11-21 05:22:56,20.5573295
2025-11-21 06:03:15,520.6800041
2025-11-21 06:43:34,27.8568367
2025-11-21 07:23:53,9.845998
2025-11-21 08:04:12,9.8686617
2025-11-21 08:44:31,9.168596
2025-11-21 09:24:50,9.8706485
2025-11-21 10:05:09,13.370939
2025-11-21 10:45:28,9.2907058
2025-11-21 11:25:47,10.364979
2025-11-21 12:06:06,10.3042967
2025-11-21 12:46:25,479.7670319
2025-11-21 13:26:44,400.7119544
2025-11-21 14:07:03,10.4256702
2025-11-21 14:47:22,10.348909
2025-11-21 15:27:41,396.5273254
2025-11-21 16:08:00,1501.6505618
2025-11-21 16:48:19,63.9805717
2025-11-21 17:28:38,175.8738182
2025-11-21 18:08:57,138.9024347
2025-11-21 18:49:16,1852.6539628
2025-11-21 19:29:35,1089.583106
2025-11-21 20:09:54,614.3007885
2025-11-21 20:50:13,267.7904184
2025-11-21 21:30:32,547.1186724
2025-11-21 22:10:51,4.2094288
2025-11-21 22:51:10,4.0659967
2025-11-21 23:31:29,4.1511635
2025-11-22 00:11:48,4.2038576
2025-11-22 00:52:07,4.1232558
2025-11-22 01:32:26,4.1841892
2025-11-22 02:12:45,4.1050784
2025-11-22 02:53:04,4.1402545
2025-11-22 03:33:23,4.2005354
2025-11-22 04:13:42,4.1066033
2025-11-22 04:54:01,328.529217
2025-11-22 05:34:20,3505.9442194
2025-11-22 06:14:39,8.720012
2025-11-22 06:54:58,8.5327145
2025-11-22 07:35:17,8.4667661
2025-11-22 08:15:36,8.5639604
2025-11-22 08:55:55,8.4747837
2025-11-22 09:36:14,8.519908
2025-11-22 10:16:33,8.5418716
2025-11-22 10:56:52,8.3942442
2025-11-22 11:37:11,8.5806388
2025-11-22 12:17:30,8.462891
2025-11-22 12:57:49,8.5301558
2025-11-22 13:38:08,8.5896876
2025-11-22 14:18:27,8.5217057
2025-11-22 14:58:46,8.4892324
2025-11-22 15:39:05,8.5074359
2025-11-22 16:19:24,8.454431
2025-11-22 16:59:43,8.4469001
2025-11-22 17:40:02,8.4910915
2025-11-22 18:20:21,8.4656528
2025-11-22 19:00:40,8.4094014
2025-11-22 19:40:59,8.5805751
2025-11-22 20:21:18,124.058338
2025-11-22 21:01:37,4.9499313
2025-11-22 21:41:56,4.5718268
2025-11-22 22:22:15,4.1243799
2025-11-22 23:02:34,4.1002835
2025-11-22 23:42:53,4.116874
2025-11-23 00:23:12,4.0831444
2025-11-23 01:03:31,4.0032625
2025-11-23 01:43:50,4.1477619
2025-11-23 02:24:09,4.1665465
2025-11-23 03:04:28,4.0052692
2025-11-23 03:44:47,4.254411
2025-11-23 04:25:06,4.4429965
2025-11-23 05:05:25,5.3285972
2025-11-23 05:45:44,10.7234549
2025-11-23 06:26:03,8.5441385
2025-11-23 07:06:22,8.7762549
2025-11-23 07:46:41,8.4963415
2025-11-23 08:27:00,8.4558089
2025-11-23 09:07:19,8.5583936
2025-11-23 09:47:38,819.9283966
2025-11-23 10:27:57,153.1048703
2025-11-23 11:08:16,13090.4196245
2025-11-23 11:48:35,14867.9275143
2025-11-23 12:28:54,267.8674963
2025-11-23 13:09:13,8.6972721
2025-11-23 13:49:32,8.5941991
2025-11-23 14:29:51,8.7920501
2025-11-23 15:10:10,42.4053936
2025-11-23 15:50:29,583.1120554
2025-11-23 16:30:48,1911.90882
2025-11-23 17:11:07,672.8998856
2025-11-23 17:51:26,1422.7656287
2025-11-23 18:31:45,703.6243903
2025-11-23 19:12:04,80.3690313
2025-11-23 19:52:23,179.2968031
2025-11-23 20:32:42,1392.0673907
2025-11-23 21:13:01,4.475621
2025-11-23 21:53:20,4.2024143
2025-11-23 22:33:39,4.1377582
2025-11-23 23:13:58,4.0786174
2025-11-23 23:54:17,4.0390237
2025-11-24 00:34:36,4.310224
2025-11-24 01:14:55,4.1484242
2025-11-24 01:55:14,4.0837372
2025-11-24 02:35:33,4.1241398
2025-11-24 03:15:52,4.0895985
2025-11-24 03:56:11,3.9796794
2025-11-24 04:36:30,3.9654392
2025-11-24 05:16:49,37.2460668
2025-11-24 05:57:08,53.5604754
2025-11-24 06:37:27,9.479737
2025-11-24 07:17:46,9.5216691
2025-11-24 07:58:05,10.5662236
